Player,Pos,Age,Tm,G2019,puntASTFV2019,G2018,puntASTFV2018,FV%Diff,FVDiff
Steven Adams,C,26,OKC,63,253.58,80,383.1,-0.33808405116157664,-129.52
Bam Adebayo,PF,22,MIA,72,384.55,82,268.63,0.43152291255630426,115.92
LaMarcus Aldridge,C,34,SAS,53,314.6,81,512.95,-0.3866848620723268,-198.35
Kyle Alexander,PF,23,MIA,2,1.05,0,0,0,1.05
Nickeil Alexander-Walker,SG,21,NOP,47,97.42,0,0,0,97.42
Grayson Allen,SG,24,MEM,38,103.7,38,66.7,0.5547226386806596,37
Jarrett Allen,C,21,BRK,70,283.02,80,315.2,-0.10209390862944165,-32.18
Kadeem Allen,SG,27,NYK,10,16.18,19,57.33,-0.7177742892028607,-41.15
Al-Farouq Aminu,PF,29,ORL,18,41.92,81,308.67,-0.864191531408948,-266.75
Justin Anderson,SF,26,BRK,10,15.22,48,69.92,-0.7823226544622426,-54.7
Kyle Anderson,PF,26,MEM,67,156.55,43,132.25,0.18374291115311917,24.3
Ryan Anderson,C,31,HOU,2,3.18,25,30.42,-0.8954635108481263,-27.24
Giannis Antetokounmpo,PF,25,MIL,63,572.65,72,600.38,-0.04618741463739635,-27.73
Kostas Antetokounmpo,PF,22,LAL,5,2.1,2,1.35,0.5555555555555555,0.75
Thanasis Antetokounmpo,SF,27,MIL,20,19.73,0,0,0,19.73
Carmelo Anthony,PF,35,POR,58,296.9,10,47.88,5.200918964076858,249.02
OG Anunoby,SF,22,TOR,69,262.48,67,170.42,0.5401948128153975,92.06
Ryan Arcidiacono,PG,25,CHI,58,98.98,81,190.57,-0.4806107991814031,-91.59
Trevor Ariza,SF,34,TOT,53,167.6,69,317.98,-0.4729228253349268,-150.38
D.J. Augustin,PG,32,ORL,57,181.68,81,281.28,-0.3540955631399317,-99.6
Deandre Ayton,C,21,PHO,38,229.7,71,375.5,-0.3882822902796272,-145.8
Dwayne Bacon,SG,24,CHO,39,84.12,43,97.9,-0.140755873340143,-13.78
Marvin Bagley III,PF,20,SAC,13,61.75,62,299.12,-0.7935611125969511,-237.37
Lonzo Ball,PG,22,NOP,63,294.82,47,186.98,0.5767461760616109,107.84
Mo Bamba,C,21,ORL,62,151.35,47,121.85,0.24210094378334018,29.5
J.J. Barea,PG,35,DAL,29,71.1,38,129.18,-0.44960520204366006,-58.08
Harrison Barnes,PF,27,SAC,72,323.15,77,398.92,-0.18993783214679644,-75.77
RJ Barrett,SG,19,NYK,56,265.28,0,0,0,265.28
Will Barton,SF,29,DEN,58,297.4,43,173.6,0.7131336405529953,123.8
Keita Bates-Diop,SF,24,TOT,44,103.93,30,59.5,0.7467226890756303,44.43
Nicolas Batum,SF,31,CHO,22,44.3,75,266.1,-0.833521232619316,-221.8
Aron Baynes,C,33,PHO,42,165.6,51,114.82,0.4422574464379028,50.78
Kent Bazemore,SF-SG,30,TOT,68,230.48,67,273.55,-0.15744836410162683,-43.07
Darius Bazley,PF,19,OKC,61,145.33,0,0,0,145.33
Bradley Beal,SG,26,WAS,57,482.78,82,611.15,-0.21004663339605664,-128.37
Malik Beasley,SG,23,TOT,55,201.18,81,288.2,-0.30194309507286604,-87.02
Marco Belinelli,SG,33,SAS,57,122.23,79,268.9,-0.5454444031238378,-146.67
Jordan Bell,C-PF,25,TOT,29,37.55,68,92.62,-0.5945800043187217,-55.07
DeAndre' Bembry,SG,25,ATL,43,100.2,82,255.25,-0.6074436826640549,-155.05
Dragan Bender,SF,22,TOT,16,42.48,46,98.38,-0.5682049196991259,-55.9
Dāvis Bertāns,PF,27,WAS,54,283.05,76,223.02,0.2691686844229217,60.03
Patrick Beverley,PG,31,LAC,51,168.1,78,244.05,-0.3112067199344397,-75.95
Khem Birch,C,27,ORL,48,88.98,50,88.63,0.0039490014667720695,0.35
Goga Bitadze,C,20,IND,54,69.3,0,0,0,69.3
Bismack Biyombo,C,27,CHO,53,143.5,54,98.55,0.45611364789446984,44.95
Nemanja Bjelica,PF,31,SAC,72,303.53,77,277.55,0.09360475589983773,25.98
Eric Bledsoe,PG,30,MIL,61,279.58,78,389.7,-0.28257634077495514,-110.12
Bogdan Bogdanović,SG,27,SAC,61,298.95,70,317.55,-0.0585734529995277,-18.6
Bojan Bogdanović,SF,30,UTA,63,374.35,81,418.08,-0.10459720627631067,-43.73
Bol Bol,SF,20,DEN,7,14.05,0,0,0,14.05
Jonah Bolden,PF,24,TOT,7,5.47,44,91.32,-0.9401007446342532,-85.85
Marques Bolden,C,21,CLE,1,0.52,0,0,0,0.52
Jordan Bone,PG,22,DET,10,6,0,0,0,6
Isaac Bonga,SF,20,WAS,66,125.65,22,14.37,7.743910925539319,111.28
Devin Booker,SG,23,PHO,70,493.95,64,463.53,0.0656268202705327,30.42
Chris Boucher,PF,27,TOR,62,159.32,28,39.25,3.059108280254777,120.07
Brian Bowen,SG,21,IND,6,3.55,0,0,0,3.55
Ky Bowman,PG,22,GSW,45,117.8,0,0,0,117.8
Avery Bradley,SG,29,LAL,49,141.35,63,210.08,-0.32716108149276474,-68.73
Tony Bradley,C,22,UTA,58,108.88,3,6.9,14.779710144927535,101.98
Jarrell Brantley,PF,23,UTA,9,12.12,0,0,0,12.12
Ignas Brazdeikis,SF,21,NYK,9,6.95,0,0,0,6.95
Corey Brewer,SG,33,SAC,5,3.43,31,57.95,-0.9408110440034513,-54.52
Mikal Bridges,SF,23,PHO,73,232.65,82,255.1,-0.08800470403763226,-22.45
Miles Bridges,SF,21,CHO,65,294.47,80,222.75,0.32197530864197543,71.72
Oshae Brissett,SF,21,TOR,19,16.3,0,0,0,16.3
Ryan Broekhoff,SG,29,DAL,17,30.58,42,60.25,-0.49244813278008304,-29.67
Malcolm Brogdon,PG,27,IND,54,272.05,64,295.68,-0.07991747835497834,-23.63
Dillon Brooks,SG,24,MEM,73,369.2,18,43.55,7.477611940298507,325.65
Bruce Brown,SG,23,DET,58,185.85,74,128.95,0.4412563008918186,56.9
Charlie Brown,SG,22,ATL,10,7.65,0,0,0,7.65
Jaylen Brown,SF,23,BOS,57,358.82,74,310.02,0.15740919940648995,48.8
Moses Brown,C,20,POR,9,5.85,0,0,0,5.85
Sterling Brown,SF,24,MIL,52,113.3,58,134.35,-0.1566803126163007,-21.05
Troy Brown Jr.,SG,20,WAS,69,256.12,52,94.22,1.7183188282742519,161.9
Jalen Brunson,PG,23,DAL,57,143.45,73,205.68,-0.30255737067289,-62.23
Thomas Bryant,C,22,WAS,46,199.38,72,250.65,-0.2045481747456613,-51.27
Reggie Bullock,SG,28,NYK,29,82.23,63,238.98,-0.6559126286718554,-156.75
Trey Burke,PG,27,TOT,33,75.02,58,184,-0.5922826086956522,-108.98
Alec Burks,SG,28,TOT,66,310.35,64,193.85,0.6009801392829509,116.5
Deonte Burton,SG,26,OKC,39,45.45,32,30.77,0.47708807279818016,14.68
Jimmy Butler,SF,30,MIA,58,341.72,65,363.85,-0.06082176721176307,-22.13
Bruno Caboclo,C,24,TOT,30,39.88,34,109.3,-0.6351326623970722,-69.42
Devontae Cacok,C,23,LAL,1,2.17,0,0,0,2.17
Kentavious Caldwell-Pope,SG,26,LAL,69,202.98,82,307,-0.33882736156351795,-104.02
Vlatko Čančar,SF,22,DEN,14,7.25,0,0,0,7.25
Clint Capela,C,25,HOU,39,211.1,67,379.63,-0.4439322498221953,-168.53
DeMarre Carroll,SF-PF,33,TOT,24,35.05,67,262.62,-0.8665372020409717,-227.57
Jevon Carter,PG,24,PHO,58,111.87,39,71.88,0.5563439065108515,39.99
Vince Carter,SF,43,ATL,60,122.18,76,204.88,-0.4036509176103084,-82.7
Wendell Carter Jr.,C,20,CHI,43,179.65,44,164.67,0.09096981842472836,14.98
Michael Carter-Williams,SG,28,ORL,45,115.57,28,53.65,1.1541472506989747,61.92
Alex Caruso,PG,25,LAL,64,127.88,25,72.75,0.7578006872852233,55.13
Willie Cauley-Stein,C,26,TOT,54,150.12,81,337.53,-0.5552395342636209,-187.41
Tyson Chandler,C,37,HOU,26,20.65,55,92.72,-0.7772864538395168,-72.07
Wilson Chandler,SF,32,BRK,35,87.35,51,128.88,-0.3222377405338299,-41.53
Joe Chealey,PG,24,CHO,4,2.25,1,0.62,2.629032258064516,1.63
Zylan Cheatham,SF,24,NOP,4,4.42,0,0,0,4.42
Chris Chiozza,PG,24,TOT,28,54.58,7,3.6,14.16111111111111,50.98
Marquese Chriss,PF,22,GSW,59,193.05,43,79.12,1.439964610717897,113.93
Gary Clark,PF,25,TOT,42,70.35,51,77.55,-0.09284332688588012,-7.2
Brandon Clarke,PF,23,MEM,58,216.78,0,0,0,216.78
Jordan Clarkson,SG,27,TOT,71,322.35,81,406.55,-0.20710859672856963,-84.2
Nicolas Claxton,PF,20,BRK,15,23.82,0,0,0,23.82
Chris Clemons,SG,22,HOU,33,56.75,0,0,0,56.75
Antonius Cleveland,SG,25,DAL,11,5.73,0,0,0,5.73
Amir Coffey,SG,22,LAC,18,20.18,0,0,0,20.18
John Collins,PF,22,ATL,41,277.05,61,366.6,-0.2442716857610475,-89.55
Zach Collins,PF,22,POR,11,31.8,77,192.4,-0.8347193347193347,-160.6
Mike Conley,PG,32,UTA,47,211.55,70,426.88,-0.5044274737631184,-215.33
Pat Connaughton,SG,27,MIL,67,152.45,61,164.85,-0.07521989687594786,-12.4
Quinn Cook,PG,26,LAL,44,73.4,74,166.5,-0.5591591591591591,-93.1
Tyler Cook,PF,22,TOT,13,8,0,0,0,8
Robert Covington,PF-C,29,TOT,70,349.28,35,176,0.9845454545454544,173.28
Allen Crabbe,SG,27,TOT,37,70.5,43,154.23,-0.5428904882318615,-83.73
Torrey Craig,SF,29,DEN,58,125.6,75,172.7,-0.2727272727272727,-47.1
Jamal Crawford,SG,39,BRK,1,1.38,64,160.62,-0.9914082928651475,-159.24
Jae Crowder,SF,29,TOT,65,271.35,80,347.05,-0.21812418959804059,-75.7
Jarrett Culver,SG,20,MIN,63,210.85,0,0,0,210.85
Seth Curry,SG,29,DAL,64,237.17,74,185.42,0.27909610613741775,51.75
Stephen Curry,PG,31,GSW,5,33,69,566.55,-0.9417527137940164,-533.55
Troy Daniels,SG,28,TOT,47,73.48,51,111.62,-0.3416950367317685,-38.14
Anthony Davis,PF,26,LAL,62,489.75,56,461.08,0.06218009889823895,28.67
Ed Davis,C,30,UTA,28,32.53,81,217.82,-0.8506565053714076,-185.29
Terence Davis,SG,22,TOR,72,193.22,0,0,0,193.22
Dewayne Dedmon,C,30,TOT,44,120.63,64,269.32,-0.5520941630773801,-148.69
Matthew Dellavedova,PG,29,CLE,57,69.75,48,94.85,-0.26462836056931993,-25.1
DeMar DeRozan,SF,30,SAS,68,394.05,77,455.35,-0.13462171955638522,-61.3
Cheick Diallo,C,23,PHO,47,70.5,64,143.15,-0.5075096053091164,-72.65
Hamidou Diallo,SF,21,OKC,46,114.18,51,68.52,0.6663747810858146,45.66
Gorgui Dieng,C,30,TOT,63,191.93,76,175.9,0.09113132461625924,16.03
Spencer Dinwiddie,SG,26,BRK,64,381.63,68,325.28,0.17323536645351706,56.35
Donte DiVincenzo,SG,23,MIL,66,228.85,27,52.98,3.3195545488863725,175.87
Luka Dončić,PG,20,DAL,61,537.35,72,498.3,0.07836644591611482,39.05
Luguentz Dort,SG,20,OKC,36,86.38,0,0,0,86.38
Damyean Dotson,SG,25,NYK,48,111.68,73,268.45,-0.5839821195753399,-156.77
Sekou Doumbouya,SF,19,DET,38,91.88,0,0,0,91.88
PJ Dozier,PG,23,DEN,29,57.38,6,8.72,5.580275229357798,48.66
Goran Dragić,PG,33,MIA,59,284.65,36,154.12,0.8469374513366206,130.53
Andre Drummond,C,26,TOT,57,386.78,79,532.35,-0.27344791960176584,-145.57
Jared Dudley,SF,34,LAL,45,33.88,59,115.5,-0.7066666666666667,-81.62
Kris Dunn,PG,25,CHI,51,144.98,46,175.23,-0.17263025737602009,-30.25
Carsen Edwards,SG,21,BOS,37,49.8,0,0,0,49.8
Henry Ellenson,PF,23,BRK,5,2.52,19,42.65,-0.9409144196951934,-40.13
Wayne Ellington,SG,32,NYK,36,72.9,53,190.45,-0.6172223680756104,-117.55
Joel Embiid,C,25,PHI,51,377.65,64,562.73,-0.32889662893394706,-185.08
James Ennis,SF,29,TOT,69,167.57,58,141.9,0.18090204369274127,25.67
Drew Eubanks,PF,22,SAS,22,39.27,23,16.25,1.4166153846153848,23.02
Jacob Evans,SG,22,TOT,29,47.17,30,19.18,1.4593326381647551,27.99
Dante Exum,SG,24,TOT,35,54.85,42,87.5,-0.3731428571428571,-32.65
Tacko Fall,C,24,BOS,7,7.95,0,0,0,7.95
Derrick Favors,C,28,NOP,51,185.85,76,307.4,-0.3954131424853611,-121.55
Cristiano Felício,PF,27,CHI,22,36.2,60,91.75,-0.6054495912806539,-55.55
Terrance Ferguson,SF,21,OKC,56,91.12,74,179.88,-0.4934400711585501,-88.76
Bruno Fernando,C,21,ATL,56,95,0,0,0,95
Yogi Ferrell,PG,26,SAC,50,71.47,71,136.65,-0.47698499817050866,-65.18
Dorian Finney-Smith,PF,26,DAL,71,258,81,243.05,0.06150997737091129,14.95
Bryn Forbes,SG,26,SAS,63,226.62,82,306.2,-0.2598954931417374,-79.58
Evan Fournier,SG,27,ORL,66,354.2,81,378.75,-0.06481848184818485,-24.55
De'Aaron Fox,PG,22,SAC,51,301.92,81,412.45,-0.2679839980603709,-110.53
Melvin Frazier,SG,23,ORL,19,15.38,10,6.28,1.4490445859872614,9.1
Michael Frazier,SG,25,HOU,13,11.97,0,0,0,11.97
Tim Frazier,PG,29,DET,27,35.9,59,114.62,-0.6867911359274123,-78.72
Markelle Fultz,PG,21,ORL,72,264.78,19,53.5,3.9491588785046723,211.28
Wenyen Gabriel,PF,22,TOT,30,28.78,0,0,0,28.78
Daniel Gafford,C,21,CHI,43,73.38,0,0,0,73.38
Danilo Gallinari,PF,31,OKC,62,356.78,68,403.42,-0.11561152149124991,-46.64
Langston Galloway,SG,28,DET,66,220.55,80,231.28,-0.04639398132134205,-10.73
Darius Garland,PG,20,CLE,59,227.8,0,0,0,227.8
Marc Gasol,C,35,TOR,44,145.3,79,391.85,-0.629194844966186,-246.55
Rudy Gay,PF,33,SAS,67,252.43,69,312.12,-0.1912405485069845,-59.69
Paul George,SF,29,LAC,48,323.98,77,682.12,-0.5250395824781563,-358.14
Taj Gibson,C,34,NYK,62,133.57,70,248.35,-0.4621703241393195,-114.78
Harry Giles,PF,21,SAC,46,104.85,58,136.4,-0.23130498533724347,-31.55
Shai Gilgeous-Alexander,SG,21,OKC,70,401.38,82,271.38,0.47903309013191836,130
Rudy Gobert,C,27,UTA,68,374.5,81,457.98,-0.18227870212673045,-83.48
Brandon Goodwin,PG,24,ATL,34,71.78,16,8.08,7.883663366336634,63.7
Aaron Gordon,PF,24,ORL,62,315.95,78,423.05,-0.25316156482685265,-107.1
Eric Gordon,SF,31,HOU,36,170.12,68,348.78,-0.5122426744652789,-178.66
Devonte' Graham,PG,24,CHO,63,370.28,46,81,3.571358024691358,289.28
Treveon Graham,SG,26,TOT,55,101.62,35,79.22,0.28275687957586476,22.4
Jerami Grant,PF,25,DEN,71,269.3,80,358.65,-0.2491286769831311,-89.35
Jerian Grant,PG,27,WAS,6,8.93,60,95.2,-0.9061974789915967,-86.27
Josh Gray,PG,26,NOP,2,0.9,0,0,0,0.9
Danny Green,SG,32,LAL,68,214.1,80,297.65,-0.2806988073240383,-83.55
Draymond Green,PF,29,GSW,43,149.98,66,227.6,-0.3410369068541301,-77.62
JaMychal Green,PF,29,LAC,63,191.57,65,229.17,-0.16407034079504296,-37.6
Javonte Green,SF,26,BOS,48,61.03,0,0,0,61.03
Jeff Green,PF-C,33,TOT,48,147.35,77,299.55,-0.5080954765481556,-152.2
Blake Griffin,PF,30,DET,18,92.53,75,556.88,-0.8338421203850022,-464.35
Marko Guduric,SG,24,MEM,44,65.22,0,0,0,65.22
Kyle Guy,SG,22,SAC,3,1.6,0,0,0,1.6
Rui Hachimura,PF,21,WAS,48,206.73,0,0,0,206.73
Devon Hall,SG,24,OKC,11,10.3,0,0,0,10.3
Donta Hall,PF,22,TOT,9,15.7,0,0,0,15.7
Dusty Hannahs,SG,26,MEM,2,3.28,2,3.12,0.05128205128205118,0.16
Tim Hardaway Jr.,SG,27,DAL,71,348.62,65,363.35,-0.040539424797027705,-14.73
James Harden,SG,30,HOU,68,683.62,78,826.35,-0.1727234222786955,-142.73
Maurice Harkless,SF,26,TOT,62,142.12,60,175.93,-0.19217870744045928,-33.81
Jared Harper,PG,22,PHO,3,1.02,0,0,0,1.02
Montrezl Harrell,C,26,LAC,63,334.85,82,394.82,-0.15189200141836778,-59.97
Gary Harris,SG,25,DEN,56,195.78,57,230.8,-0.15173310225303296,-35.02
Joe Harris,SF,28,BRK,69,318.12,76,321,-0.008971962616822416,-2.88
Tobias Harris,PF,27,PHI,72,441.22,82,511.33,-0.13711301898969347,-70.11
Shaquille Harrison,SF,26,CHI,43,74.35,73,174.3,-0.5734366035570856,-99.95
Josh Hart,SF,24,NOP,65,264.15,67,205.9,0.2829043224866439,58.25
Isaiah Hartenstein,C,21,HOU,23,40.23,28,24.12,0.6679104477611938,16.11
Udonis Haslem,PF,39,MIA,4,5.85,10,12.33,-0.5255474452554745,-6.48
Jaxson Hayes,C,19,NOP,64,150.62,0,0,0,150.62
Gordon Hayward,SF,29,BOS,52,283.25,72,269.38,0.05148860345979659,13.87
John Henson,PF,29,TOT,40,87.92,14,35.17,1.4998578333807222,52.75
Dewan Hernandez,C,23,TOR,6,6.38,0,0,0,6.38
Juan Hernangómez,PF,24,TOT,48,116.77,70,161.18,-0.2755304628365803,-44.41
Willy Hernangómez,C,25,CHO,31,67.85,58,150.52,-0.5492293382939145,-82.67
Tyler Herro,SG,20,MIA,55,242,0,0,0,242
Kevin Hervey,PF,23,OKC,10,9.55,0,0,0,9.55
Mario Hezonja,PF,24,POR,53,103.92,58,182.57,-0.4307936681820671,-78.65
Buddy Hield,SG,27,SAC,72,448.28,82,522.7,-0.14237612397168561,-74.42
George Hill,PG,33,MIL,59,174,60,152.27,0.14270703355880993,21.73
Solomon Hill,SF,28,TOT,59,129,44,83.05,0.5532811559301626,45.95
Jaylen Hoard,SF,20,POR,13,15.35,0,0,0,15.35
Aaron Holiday,PG,23,IND,66,205.48,50,99.25,1.0703274559193954,106.23
Jrue Holiday,SG,29,NOP,61,367.35,67,428.5,-0.14270711785297543,-61.15
Justin Holiday,SG,30,IND,73,230.02,82,323.4,-0.28874458874458864,-93.38
Rondae Hollis-Jefferson,SF,25,TOR,60,151.7,59,190.1,-0.2019989479221463,-38.4
Richaun Holmes,C,26,SAC,44,179.22,70,189.8,-0.055742887249736625,-10.58
Rodney Hood,SF,27,POR,21,72.52,72,243.28,-0.7019072673462676,-170.76
Al Horford,C,33,PHI,67,298.62,68,312.58,-0.04466056689487485,-13.96
Talen Horton-Tucker,SG,19,LAL,6,11.77,0,0,0,11.77
Danuel House,SF,26,HOU,63,243.83,39,125.83,0.9377731860446635,118
Dwight Howard,C,34,LAL,69,201.5,9,38.45,4.240572171651495,163.05
William Howard,PF,26,HOU,2,1.15,0,0,0,1.15
Kevin Huerter,SG,21,ATL,56,240.72,75,258.72,-0.06957328385899825,-18
De'Andre Hunter,SF,22,ATL,63,265.97,0,0,0,265.97
Chandler Hutchison,SF,23,CHI,28,76.4,44,92.33,-0.17253330445142417,-15.93
Serge Ibaka,C,30,TOR,55,284.25,74,369.85,-0.23144518047857243,-85.6
Andre Iguodala,SG,36,MIA,21,45.35,68,158.67,-0.7141866767504884,-113.32
Ersan İlyasova,PF,32,MIL,63,160.1,67,175.8,-0.08930602957906722,-15.7
Joe Ingles,SF,32,UTA,72,250.98,82,343.8,-0.26998254799301924,-92.82
Brandon Ingram,PF,22,NOP,62,436.67,52,269.82,0.6183752131050331,166.85
Kyrie Irving,PG,27,BRK,20,155.35,67,465.98,-0.6666165929868234,-310.63
Jonathan Isaac,SF,22,ORL,34,155.45,75,279.38,-0.44358937647648367,-123.93
Wesley Iwundu,SF,25,ORL,52,104.55,68,124.67,-0.16138605919627821,-20.12
Frank Jackson,PG,21,NOP,59,119.92,61,158.25,-0.2422116903633491,-38.33
Jaren Jackson Jr.,C,20,MEM,57,317.45,58,250.78,0.2658505462955578,66.67
Josh Jackson,SG,22,MEM,22,67.03,79,311.97,-0.7851395967560983,-244.94
Justin Jackson,PF,24,DAL,65,131.55,81,199.35,-0.34010534236267864,-67.8
Reggie Jackson,PG,29,TOT,31,118.38,82,379.22,-0.6878329202046306,-260.84
Justin James,SG,23,SAC,36,33.62,0,0,0,33.62
LeBron James,PG,35,LAL,67,512.85,55,446.55,0.14847161572052403,66.3
Amile Jefferson,PF,26,ORL,18,9.38,12,10.33,-0.09196515004840264,-0.95
DaQuan Jeffries,SG,22,SAC,13,16.95,0,0,0,16.95
Ty Jerome,PG,22,PHO,31,42.27,0,0,0,42.27
Alize Johnson,SF,23,IND,17,17.85,14,8.4,1.125,9.45
B.J. Johnson,SF,24,ORL,10,11.95,7,7.7,0.5519480519480519,4.25
Cameron Johnson,PF,23,PHO,57,180.72,0,0,0,180.72
James Johnson,PF,32,TOT,32,97.25,55,152.15,-0.36082813013473547,-54.9
Keldon Johnson,SF,20,SAS,17,45.85,0,0,0,45.85
Stanley Johnson,PF,23,TOR,25,25.8,66,176.42,-0.853758077315497,-150.62
Tyler Johnson,SG,27,TOT,39,93.5,57,209.45,-0.5535927428980664,-115.95
Nikola Jokić,C,24,DEN,73,464.75,80,529.52,-0.1223183260311225,-64.77
Damian Jones,C,24,ATL,55,106.1,24,44.1,1.4058956916099772,62
Derrick Jones Jr.,SF,22,MIA,59,171.85,60,155.28,0.10671045852653267,16.57
Tyus Jones,PG,23,MEM,65,151.55,68,159.1,-0.0474544311753613,-7.55
DeAndre Jordan,C,31,BRK,56,191.78,69,310.28,-0.38191311073868756,-118.5
Cory Joseph,PG,28,SAC,72,165.57,82,209.18,-0.20848073429582184,-43.61
Mfiondu Kabengele,C,22,LAC,12,14.47,0,0,0,14.47
Frank Kaminsky,C,26,PHO,39,129.8,47,134.02,-0.031487837636173695,-4.22
Enes Kanter,C,27,BOS,58,177.48,67,308.9,-0.4254451278730981,-131.42
Luke Kennard,SG,23,DET,28,135.55,63,202.68,-0.33121176238405364,-67.13
Stanton Kidd,SF,27,UTA,4,1.12,0,0,0,1.12
Michael Kidd-Gilchrist,SF-PF,26,TOT,25,30.05,64,150.6,-0.8004648074369191,-120.55
Louis King,SF,20,DET,10,8.62,0,0,0,8.62
Maxi Kleber,C,28,DAL,74,258.8,71,200.68,0.2896153079529599,58.12
Brandon Knight,PG,28,TOT,25,66.7,39,90.97,-0.266791249862592,-24.27
Kevin Knox,SF,20,NYK,65,160.7,75,331.92,-0.5158471920944806,-171.22
John Konchar,SG,23,MEM,19,21.9,0,0,0,21.9
Furkan Korkmaz,SG,22,PHI,72,233.13,48,102.55,1.2733300828863967,130.58
Luke Kornet,C,24,CHI,36,79.8,46,128.12,-0.37714642522635033,-48.32
Kyle Korver,SF,38,MIL,58,138.1,70,205.4,-0.32765335929892897,-67.3
Rodions Kurucs,PF,21,BRK,47,85.93,63,188.83,-0.5449345972567918,-102.9
Kyle Kuzma,PF,24,LAL,61,257.08,70,404.95,-0.3651561921224843,-147.87
Skal Labissière,C,23,POR,33,74.97,22,25.6,1.9285156249999997,49.37
Jeremy Lamb,SG,27,IND,46,189,79,390.05,-0.5154467375977438,-201.05
Romeo Langford,SG,20,BOS,32,32.72,0,0,0,32.72
Zach LaVine,SG,24,CHI,60,452.4,63,419.55,0.07829817661780471,32.85
Vic Law,SF,24,ORL,8,7.18,0,0,0,7.18
Jake Layman,PF,25,MIN,23,68.47,71,181.55,-0.6228587166069953,-113.08
T.J. Leaf,PF,22,IND,28,36.73,58,78.6,-0.5326972010178117,-41.87
Jalen Lecque,PG,19,PHO,5,3.33,0,0,0,3.33
Courtney Lee,SG,34,DAL,24,38.27,34,51.32,-0.2542868277474668,-13.05
Damion Lee,SG,27,GSW,49,211.5,32,55.98,2.7781350482315115,155.52
Alex Len,C,26,TOT,55,161.25,77,290.68,-0.4452662721893491,-129.43
Kawhi Leonard,SF,28,LAC,57,451,60,460.2,-0.019991308126901322,-9.2
Meyers Leonard,C,27,MIA,51,126.82,61,128.78,-0.015219754620282714,-1.96
Caris LeVert,SG,25,BRK,45,255.98,40,174.42,0.46760692581126023,81.56
Damian Lillard,PG,29,POR,66,553.7,80,595.12,-0.06959940852265083,-41.42
Nassir Little,PF,19,POR,48,68.83,0,0,0,68.83
Kevon Looney,C,23,GSW,20,32.27,80,186.73,-0.8271836341241364,-154.46
Brook Lopez,C,31,MIL,68,296.7,81,373.12,-0.2048134648370498,-76.42
Robin Lopez,C,31,MIL,66,126.78,74,212.65,-0.4038090759463908,-85.87
Kevin Love,PF,31,CLE,56,348.58,22,137.55,1.5342057433660483,211.03
Kyle Lowry,PG,33,TOR,58,358,65,322.92,0.10863371732936945,35.08
Timothé Luwawu-Cabarrot,SG,24,BRK,47,122.65,50,88.27,0.389486801857936,34.38
Trey Lyles,PF,24,SAS,63,175.05,64,194.57,-0.10032379092357498,-19.52
Daryl Macon,SG,24,MIA,4,1.25,8,10.67,-0.8828491096532334,-9.42
J.P. Macura,SG,24,CLE,1,0.07,2,2.55,-0.9725490196078432,-2.48
Josh Magette,PG,30,ORL,8,5.62,0,0,0,5.62
Ian Mahinmi,C,33,WAS,38,111.4,34,60.3,0.8474295190713103,51.1
Thon Maker,C,22,DET,60,106.62,64,134.88,-0.2095195729537366,-28.26
Terance Mann,SG,23,LAC,41,37.73,0,0,0,37.73
Boban Marjanović,C,31,DAL,44,97.4,58,137.1,-0.28956965718453676,-39.7
Lauri Markkanen,PF,22,CHI,50,256.72,52,335.8,-0.23549731983323402,-79.08
Caleb Martin,SF,24,CHO,18,38.5,0,0,0,38.5
Cody Martin,SF,24,CHO,48,96.22,0,0,0,96.22
Jeremiah Martin,PG,23,BRK,9,19.5,0,0,0,19.5
Kelan Martin,SF,24,MIN,31,73.73,0,0,0,73.73
Frank Mason III,PG,25,MIL,9,20.45,38,62.98,-0.6752937440457288,-42.53
Garrison Mathews,SG,23,WAS,18,31.68,0,0,0,31.68
Wesley Matthews,SG,33,MIL,67,180.1,69,273.25,-0.34089661482159195,-93.15
Luc Mbah a Moute,PF,33,HOU,3,2.2,4,6.9,-0.6811594202898551,-4.7
Patrick McCaw,SF,24,TOR,37,68.68,29,32.65,1.1035222052067384,36.03
CJ McCollum,SG,28,POR,70,466.2,70,431.65,0.08004170045175492,34.55
T.J. McConnell,PG,27,IND,71,146.83,76,155.22,-0.054052312846282605,-8.39
Jalen McDaniels,PF,22,CHO,16,34.5,0,0,0,34.5
Doug McDermott,PF,28,IND,69,218.22,77,168.62,0.29415253232119554,49.6
JaVale McGee,C,32,LAL,68,174.38,75,304.62,-0.4275490775392292,-130.24
Rodney McGruder,SG,28,LAC,56,84.8,66,187.17,-0.5469359405887696,-102.37
Alfonzo McKinnie,SF,27,CLE,40,72.62,72,133.52,-0.45611144397843023,-60.9
Jordan McLaughlin,PG,23,MIN,30,73,0,0,0,73
Ben McLemore,SG,26,HOU,71,241.78,19,26.9,7.988104089219331,214.88
Jordan McRae,SG,28,TOT,37,137.3,27,49.65,1.7653575025176236,87.65
Nicolò Melli,C,29,NOP,60,149.45,0,0,0,149.45
De'Anthony Melton,PG,21,MEM,60,170.57,50,106.5,0.6015962441314553,64.07
Chimezie Metu,PF,22,SAS,18,19.9,29,21.95,-0.09339407744874718,-2.05
Khris Middleton,SF,28,MIL,62,384.05,77,449.48,-0.14556821215626947,-65.43
Eric Mika,PF,25,SAC,1,2.28,0,0,0,2.28
C.J. Miles,SG,32,WAS,10,23.55,53,124.35,-0.8106151990349819,-100.8
Malcolm Miller,SF,26,TOR,28,15.88,10,11.8,0.34576271186440677,4.08
Patty Mills,PG,31,SAS,66,240.75,82,265.3,-0.09253675084809654,-24.55
Paul Millsap,PF,34,DEN,51,199.65,70,310.05,-0.35607160135462024,-110.4
Shake Milton,SG,23,PHI,40,115.7,20,34.12,2.390973036342322,81.58
Donovan Mitchell,SG,23,UTA,69,477.65,77,537.57,-0.11146455345350385,-59.92
Naz Mitrou-Long,SG,26,IND,5,6.33,14,7.42,-0.14690026954177896,-1.09
Adam Mokoka,SG,21,CHI,11,11.8,0,0,0,11.8
Malik Monk,SG,21,CHO,55,180.68,73,218.12,-0.17164863377957087,-37.44
Matt Mooney,SG,22,CLE,4,2,0,0,0,2
E'Twaun Moore,SG,30,NOP,56,154.9,53,188.2,-0.17693942614240163,-33.3
Ja Morant,PG,20,MEM,67,334.42,0,0,0,334.42
Juwan Morgan,PF,22,UTA,21,14.65,0,0,0,14.65
Marcus Morris,SF-PF,30,TOT,62,327.83,75,355.75,-0.07848208011243855,-27.92
Markieff Morris,PF,30,TOT,58,192.4,58,197.9,-0.027791814047498736,-5.5
Monte Morris,PG,24,DEN,73,201.4,82,256.2,-0.213895394223263,-54.8
Johnathan Motley,PF,24,LAC,13,8.47,22,32.78,-0.7416107382550337,-24.31
Emmanuel Mudiay,PG,23,UTA,54,124.55,59,259.92,-0.5208140966451216,-135.37
Mychal Mulder,SG,25,GSW,7,27.25,0,0,0,27.25
Dejounte Murray,PG,23,SAS,66,254.45,0,0,0,254.45
Jamal Murray,PG,22,DEN,59,325.75,75,416.65,-0.21816872674906992,-90.9
Džanan Musa,SF,20,BRK,40,70.72,9,7.27,8.727647867950482,63.45
Mike Muscala,C,28,OKC,47,88.6,64,177.2,-0.5,-88.6
Sviatoslav Mykhailiuk,SF,22,DET,56,169.3,42,52.72,2.211305007587254,116.58
Abdel Nader,SF,26,OKC,55,113.9,61,91.7,0.24209378407851692,22.2
Larry Nance Jr.,C,27,CLE,56,213.48,67,253.27,-0.15710506574011932,-39.79
Shabazz Napier,PG,28,TOT,56,192.9,56,170.88,0.12886235955056186,22.02
Raul Neto,PG,27,PHI,54,87.47,37,64.03,0.36607840074964854,23.44
Malik Newman,SG,22,CLE,1,0.7,0,0,0,0.7
Georges Niang,PF,26,UTA,66,137.98,59,81.8,0.6867970660146698,56.18
Joakim Noah,C,34,LAC,5,6.03,42,110.58,-0.9454693434617472,-104.55
Nerlens Noel,C,25,OKC,61,160.75,77,157.62,0.019857886055069125,3.13
Zach Norvell,SG,22,TOT,5,5.05,0,0,0,5.05
Jaylen Nowell,SG,20,MIN,15,19.27,0,0,0,19.27
Frank Ntilikina,PG,21,NYK,57,129.57,43,96.08,0.34856369691923395,33.49
Kendrick Nunn,SG,24,MIA,67,313.52,0,0,0,313.52
Jusuf Nurkić,C,25,POR,8,48.22,72,387.72,-0.8756318993087795,-339.5
David Nwaba,SF,27,BRK,20,36.75,51,117.05,-0.6860316104228962,-80.3
Royce O'Neale,PF,26,UTA,71,202.62,82,171.95,0.17836580401279453,30.67
Kyle O'Quinn,C,29,PHI,29,49.38,45,61.5,-0.19707317073170727,-12.12
Semi Ojeleye,PF,25,BOS,69,97.05,56,70.38,0.3789428815004263,26.67
Jahlil Okafor,C,24,NOP,30,75.67,59,156.02,-0.5149980771695937,-80.35
Elie Okobo,PG,22,PHO,55,79.3,53,108.65,-0.2701334560515417,-29.35
Josh Okogie,SG,21,MIN,62,191.6,74,210.17,-0.08835704429747344,-18.57
KZ Okpala,SF,20,MIA,5,3.12,0,0,0,3.12
Victor Oladipo,SG,27,IND,19,89.67,36,219.33,-0.5911639994528793,-129.66
Kelly Olynyk,C,28,MIA,67,203.82,79,277.75,-0.2661746174617462,-73.93
Miye Oni,SG,22,UTA,10,14.33,0,0,0,14.33
Cedi Osman,SF,24,CLE,65,244.83,76,331.53,-0.26151479504117264,-86.7
Kelly Oubre Jr.,SF,24,PHO,56,337.18,69,341.5,-0.012650073206442148,-4.32
Tariq Owens,PF,24,PHO,3,2.07,0,0,0,2.07
Jeremy Pargo,PG,33,GSW,3,7.1,0,0,0,7.1
Jabari Parker,PF,24,TOT,38,170.35,64,301.95,-0.43583374730915714,-131.6
Chandler Parsons,SF,31,ATL,5,7.27,25,69.47,-0.8953505110119476,-62.2
Eric Paschall,PF,23,GSW,60,246.02,0,0,0,246.02
Anžejs Pasečņiks,C,24,WAS,27,55.45,0,0,0,55.45
Patrick Patterson,PF,30,LAC,59,111.8,63,99.17,0.1273570636281133,12.63
Justin Patton,C,22,OKC,5,3.67,3,3,0.2233333333333333,0.67
Chris Paul,PG,34,OKC,70,369.22,58,301.8,0.22339297548045067,67.42
Cameron Payne,PG,25,PHO,8,28.83,40,84.38,-0.6583313581417397,-55.55
Elfrid Payton,PG,25,NYK,45,159.57,42,157.95,0.010256410256410286,1.62
Gary Payton II,PG,27,WAS,29,51.38,3,3.57,13.392156862745098,47.81
Norvel Pelle,C,26,PHI,24,30.4,0,0,0,30.4
Theo Pinson,SG,24,BRK,33,52.9,18,31.12,0.6998714652956297,21.78
Mason Plumlee,C,29,DEN,61,154.32,82,240.78,-0.3590829803139796,-86.46
Jakob Poeltl,C,24,SAS,66,158.4,77,168.3,-0.05882352941176473,-9.9
Vincent Poirier,C,26,BOS,22,19.1,0,0,0,19.1
Shamorie Ponds,PG,21,TOR,4,2.6,0,0,0,2.6
Jordan Poole,SG,20,GSW,57,176.88,0,0,0,176.88
Kevin Porter Jr.,SF,19,CLE,50,164.93,0,0,0,164.93
Michael Porter Jr.,PF,21,DEN,55,175.45,0,0,0,175.45
Otto Porter,SF,26,CHI,14,55.27,56,267.05,-0.7930350121700056,-211.78
Bobby Portis,C,24,NYK,66,232.6,50,252.55,-0.07899425856266093,-19.95
Kristaps Porziņģis,PF,24,DAL,57,409.5,0,0,0,409.5
Dwight Powell,C,28,DAL,40,125.07,77,259.1,-0.517290621381706,-134.03
Norman Powell,SG,26,TOR,52,249.85,60,162.65,0.5361205041500153,87.2
Taurean Prince,SF,25,BRK,64,299.8,55,241.73,0.24022669920986234,58.07
Chasson Randle,PG,26,GSW,3,2.3,49,89.33,-0.9742527706257696,-87.03
Julius Randle,PF,25,NYK,64,408.58,73,467,-0.12509635974304073,-58.42
Josh Reaves,SG,22,DAL,4,2.9,0,0,0,2.9
Cam Reddish,SF,20,ATL,58,217.33,0,0,0,217.33
J.J. Redick,SG,35,NOP,60,270.9,76,403.28,-0.3282582820868875,-132.38
Naz Reid,C,20,MIN,30,98.85,0,0,0,98.85
Josh Richardson,SG,26,PHI,55,238.75,73,382.15,-0.3752453225173361,-143.4
Austin Rivers,SG,27,HOU,68,202.6,76,217.22,-0.06730503636865852,-14.62
Andre Roberson,SG,28,OKC,7,12.1,0,0,0,12.1
Duncan Robinson,SG,25,MIA,73,322.75,15,19.75,15.341772151898734,303
Glenn Robinson III,SF,26,TOT,62,234.43,47,68.72,2.4113795110593714,165.71
Jerome Robinson,SG,22,TOT,63,122.15,33,42.7,1.860655737704918,79.45
Justin Robinson,PG,22,WAS,9,5.15,0,0,0,5.15
Mitchell Robinson,C,21,NYK,61,209.68,66,196.82,0.06533888832435736,12.86
Isaiah Roby,SF,21,OKC,3,0.62,0,0,0,0.62
Rajon Rondo,PG,33,LAL,48,123.3,46,164.52,-0.25054704595186,-41.22
Derrick Rose,PG,31,DET,50,242.2,51,246.9,-0.019036046982584112,-4.7
Terrence Ross,SG,28,ORL,69,334.35,81,395.58,-0.15478537843166987,-61.23
Terry Rozier,PG,25,CHO,63,355.35,79,265.22,0.3398310836286856,90.13
Ricky Rubio,PG,29,PHO,65,278.55,68,278.02,0.001906337673548772,0.53
D'Angelo Russell,PG,23,TOT,45,315.58,81,524.15,-0.39792044262138704,-208.57
Domantas Sabonis,PF,23,IND,62,381.98,74,338.08,0.12985092285849514,43.9
Luka Šamanić,PF,20,SAS,3,6.8,0,0,0,6.8
JaKarr Sampson,SF,26,IND,34,53.52,4,24.28,1.2042833607907744,29.24
Dario Šarić,PF,25,PHO,66,250.13,81,306.05,-0.18271524260741714,-55.92
Tomáš Satoranský,PG,28,CHI,65,220.6,80,231.88,-0.0486458513023978,-11.28
Admiral Schofield,SF,22,WAS,33,40.6,0,0,0,40.6
Dennis Schröder,PG,26,OKC,65,351.05,79,377.63,-0.07038635701612686,-26.58
Mike Scott,PF,31,PHI,68,160.32,79,185.72,-0.1367650226146888,-25.4
Thabo Sefolosha,PF,35,HOU,41,49.35,50,79.25,-0.3772870662460568,-29.9
Collin Sexton,SG,21,CLE,65,368.1,82,390.85,-0.058206473071510806,-22.75
Landry Shamet,SG,22,LAC,53,163.95,79,234.25,-0.30010672358591256,-70.3
Marial Shayok,SG,24,PHI,4,4.98,0,0,0,4.98
Iman Shumpert,SG,29,BRK,13,25.15,62,181.88,-0.8617220145150648,-156.73
Pascal Siakam,PF,25,TOR,60,428.12,80,411.88,0.03942895989123048,16.24
Chris Silva,PF,23,MIA,44,54.1,0,0,0,54.1
Ben Simmons,PG,23,PHI,57,291.17,79,421.4,-0.30904129093497856,-130.23
Anfernee Simons,SG,20,POR,70,190.35,20,23.5,7.1,166.85
Alen Smailagić,PF,19,GSW,14,19.82,0,0,0,19.82
Marcus Smart,SG,25,BOS,60,277.3,80,260.1,0.06612841214917335,17.2
Dennis Smith Jr.,PG,22,NYK,34,72.83,53,227.3,-0.679586449626045,-154.47
Ish Smith,PG,31,WAS,68,237.43,56,162.05,0.465165072508485,75.38
J.R. Smith,SG,34,LAL,6,6.73,11,27.7,-0.7570397111913357,-20.97
Zhaire Smith,SG,20,PHI,7,3.8,6,13.75,-0.7236363636363636,-9.95
Tony Snell,SF,28,DET,59,158.98,74,154.83,0.026803591035328922,4.15
Omari Spellman,PF,22,GSW,49,139.05,46,115.95,0.19922380336351883,23.1
Max Strus,SG,23,CHI,2,1.35,0,0,0,1.35
Edmond Sumner,PG,24,IND,31,53.2,23,26.62,0.9984973703981969,26.58
Caleb Swanigan,PF,22,TOT,27,32.35,21,24,0.3479166666666667,8.35
Jayson Tatum,PF,21,BOS,66,486.88,79,406.82,0.19679465119708964,80.06
Jeff Teague,PG,31,TOT,59,188.2,42,153.45,0.22645812968393617,34.75
Garrett Temple,SG,33,BRK,62,237.05,75,212.88,0.11353814355505457,24.17
Daniel Theis,C,27,BOS,65,221.55,66,133.58,0.6585566701602036,87.97
Isaiah Thomas,PG,30,WAS,40,147.38,12,31.85,3.6273155416012557,115.53
Khyri Thomas,SG,23,DET,8,6.9,26,25.7,-0.7315175097276264,-18.8
Lance Thomas,SF,31,BRK,7,9.45,46,80.4,-0.8824626865671642,-70.95
Matt Thomas,SG,25,TOR,41,68.02,0,0,0,68.02
Tristan Thompson,C,28,CLE,57,255.88,43,177.58,0.440928032436085,78.3
Sindarius Thornwell,SG,25,NOP,2,4.9,64,30.4,-0.8388157894736843,-25.5
Matisse Thybulle,SG,22,PHI,65,127.52,0,0,0,127.52
Anthony Tolliver,PF,34,TOT,55,93.38,65,133.02,-0.2980003007066607,-39.64
Juan Toscano-Anderson,SF,26,GSW,13,29.38,0,0,0,29.38
Karl-Anthony Towns,C,24,MIN,35,294.85,77,610.95,-0.5173909485227923,-316.1
Gary Trent Jr.,SG,21,POR,61,177.25,15,15.78,10.23257287705957,161.47
Allonzo Trier,PG,24,NYK,24,45.68,64,206.88,-0.7791956689868522,-161.2
P.J. Tucker,PF,34,HOU,72,237.05,82,281.3,-0.1573053679345894,-44.25
Rayjon Tucker,SG,22,UTA,20,19.65,0,0,0,19.65
Evan Turner,PG,31,ATL,19,25.2,73,178.95,-0.859178541492037,-153.75
Myles Turner,C,23,IND,62,282.68,74,359.3,-0.21324798218758698,-76.62
Jarrod Uthoff,SF,26,TOT,7,6.9,0,0,0,6.9
Jonas Valančiūnas,C,27,MEM,70,364.58,49,241.1,0.5121526337619244,123.48
Denzel Valentine,SF,26,CHI,36,89.47,0,0,0,89.47
Jarred Vanderbilt,SF-PF,20,TOT,11,5.25,17,11.25,-0.5333333333333333,-6
Fred VanVleet,PG,25,TOR,54,304.55,64,230.98,0.3185124253182095,73.57
Gabe Vincent,PG,23,MIA,9,11.4,0,0,0,11.4
Noah Vonleh,C-PF,24,TOT,36,52.65,68,238.05,-0.77882797731569,-185.4
Nikola Vučević,C,29,ORL,62,418.2,80,558.2,-0.2508061626657113,-140
Dean Wade,PF,23,CLE,12,9.05,0,0,0,9.05
Moritz Wagner,C,22,WAS,45,132.88,43,73.73,0.8022514580225144,59.15
Dion Waiters,SG,28,TOT,10,35.88,44,177.57,-0.7979388410204427,-141.69
Kemba Walker,PG,29,BOS,56,350.25,82,621.68,-0.4366072577531849,-271.43
Lonnie Walker,SG,21,SAS,61,132.4,17,17.65,6.501416430594901,114.75
Tyrone Wallace,SG,25,ATL,14,17.05,62,77.72,-0.7806227483273289,-60.67
Derrick Walton,PG,24,TOT,26,19.42,0,0,0,19.42
Brad Wanamaker,PG,30,BOS,71,154.33,36,45.27,2.409100949856417,109.06
T.J. Warren,SF,26,IND,67,367.8,43,228.25,0.6113910186199343,139.55
P.J. Washington,PF,21,CHO,58,248.45,0,0,0,248.45
Yuta Watanabe,SG,25,MEM,18,14.53,15,18.45,-0.21246612466124662,-3.92
Tremont Waters,PG,22,BOS,11,17.02,0,0,0,17.02
Paul Watson,SF-SG,25,TOT,10,12.38,0,0,0,12.38
Quinndary Weatherspoon,SG,23,SAS,11,6.28,0,0,0,6.28
Russell Westbrook,PG,31,HOU,57,452.95,73,577.7,-0.21594253072529002,-124.75
Coby White,SG,19,CHI,65,285.47,0,0,0,285.47
Derrick White,SG,25,SAS,68,241.45,67,219.15,0.10175678758840968,22.3
Hassan Whiteside,C,30,POR,67,387.25,72,347.72,0.11368342344415037,39.53
Andrew Wiggins,SF-SG,24,TOT,54,356.85,73,417.65,-0.1455764396025379,-60.8
Grant Williams,PF,21,BOS,69,105.4,0,0,0,105.4
Johnathan Williams,C,24,WAS,15,21.9,24,52.07,-0.5794123295563665,-30.17
Kenrich Williams,PF,25,NOP,39,81.42,46,127.83,-0.36306031448016896,-46.41
Lou Williams,SG,33,LAC,65,339.45,75,409.38,-0.1708192877033563,-69.93
Marvin Williams,PF,33,TOT,58,132.83,75,296.63,-0.5522030812797086,-163.8
Robert Williams,C,22,BOS,29,59.18,32,37.88,0.5623020063357972,21.3
Nigel Williams-Goss,PG,25,UTA,10,6.47,0,0,0,6.47
Zion Williamson,PF,19,NOP,24,142.25,0,0,0,142.25
D.J. Wilson,PF,23,MIL,37,56.23,48,120.33,-0.5327017368902185,-64.1
Justise Winslow,SF,23,MIA,11,46.1,66,288.55,-0.8402356610639404,-242.45
Christian Wood,PF,24,DET,62,257.75,21,55.65,3.6316262353998203,202.1
Delon Wright,SG,27,DAL,73,188.02,75,227,-0.17171806167400877,-38.98
Justin Wright-Foreman,PG,22,UTA,4,6.92,0,0,0,6.92
Thaddeus Young,PF,31,CHI,64,241.9,81,344.55,-0.29792482948773763,-102.65
Trae Young,PG,21,ATL,60,497.02,81,459.85,0.08083070566489063,37.17
Cody Zeller,C,27,CHO,58,220.72,49,171.55,0.28662197610026224,49.17
Tyler Zeller,C,30,SAS,2,1.4,6,14.38,-0.9026425591098748,-12.98
Ante Žižić,C,23,CLE,22,33.5,59,154.75,-0.7835218093699515,-121.25
Ivica Zubac,C,22,LAC,72,220.6,59,178.3,0.23724060572069536,42.3
