Player,Pos,Age,Tm,G2019,MP,FGA,3P,3PA,FTA,TRB,STL,BLK,PTS,puntASTFV
Steven Adams,C,26,OKC,63,1680,478,1,3,201,583,51,67,684,253.58
Bam Adebayo,PF,22,MIA,72,2417,790,2,14,382,735,82,93,1146,384.55
LaMarcus Aldridge,C,34,SAS,53,1754,793,61,157,191,392,36,87,1001,314.6
Kyle Alexander,PF,23,MIA,2,13,2,0,0,0,3,0,0,2,1.05
Nickeil Alexander-Walker,SG,21,NOP,47,591,266,46,133,37,84,17,8,267,97.42
Grayson Allen,SG,24,MEM,38,718,251,57,141,45,85,10,2,330,103.7
Jarrett Allen,C,21,BRK,70,1852,465,0,6,270,671,40,92,775,283.02
Kadeem Allen,SG,27,NYK,10,117,44,5,16,11,9,5,2,50,16.18
Al-Farouq Aminu,PF,29,ORL,18,380,86,9,36,29,87,18,8,78,41.92
Justin Anderson,SF,26,BRK,10,107,38,6,29,4,21,0,6,28,15.22
Kyle Anderson,PF,26,MEM,67,1330,331,24,85,78,285,54,37,390,156.55
Ryan Anderson,C,31,HOU,2,14,7,1,5,0,7,1,0,5,3.18
Giannis Antetokounmpo,PF,25,MIL,63,1917,1238,89,293,629,856,61,66,1857,572.65
Kostas Antetokounmpo,PF,22,LAL,5,20,3,0,0,2,3,0,0,7,2.1
Thanasis Antetokounmpo,SF,27,MIL,20,129,48,0,10,17,24,7,2,55,19.73
Carmelo Anthony,PF,35,POR,58,1902,782,87,226,161,368,49,27,895,296.9
OG Anunoby,SF,22,TOR,69,2066,566,89,228,102,364,96,45,733,262.48
Ryan Arcidiacono,PG,25,CHI,58,930,220,54,138,38,110,27,3,261,98.98
Trevor Ariza,SF,34,TOT,53,1493,324,77,207,74,246,69,15,423,167.6
D.J. Augustin,PG,32,ORL,57,1420,461,70,201,181,122,34,1,599,181.68
Deandre Ayton,C,21,PHO,38,1236,568,3,13,89,436,26,58,690,229.7
Dwayne Bacon,SG,24,CHO,39,687,244,19,67,53,100,23,2,224,84.12
Marvin Bagley III,PF,20,SAC,13,334,167,4,22,31,97,6,12,185,61.75
Lonzo Ball,PG,22,NOP,63,2025,687,148,395,76,383,88,38,745,294.82
Mo Bamba,C,21,ORL,62,878,286,37,107,46,302,23,86,332,151.35
J.J. Barea,PG,35,DAL,29,450,207,32,85,22,53,5,2,222,71.1
Harrison Barnes,PF,27,SAC,72,2482,793,102,268,267,355,43,12,1046,323.15
RJ Barrett,SG,19,NYK,56,1704,727,63,197,254,279,55,17,803,265.28
Will Barton,SF,29,DEN,58,1916,738,108,288,133,365,61,29,874,297.4
Keita Bates-Diop,SF,24,TOT,44,744,234,34,103,75,127,19,24,288,103.93
Nicolas Batum,SF,31,CHO,22,505,81,14,49,10,100,17,8,79,44.3
Aron Baynes,C,33,PHO,42,934,381,59,168,75,237,10,23,481,165.6
Kent Bazemore,SF-SG,30,TOT,68,1688,534,84,244,147,294,74,40,597,230.48
Darius Bazley,PF,19,OKC,61,1130,317,49,141,62,246,23,41,342,145.33
Bradley Beal,SG,26,WAS,57,2053,1303,170,481,457,242,71,23,1741,482.78
Malik Beasley,SG,23,TOT,55,1209,534,107,276,66,148,40,8,615,201.18
Marco Belinelli,SG,33,SAS,57,883,314,67,178,58,99,12,1,361,122.23
Jordan Bell,C-PF,25,TOT,29,256,67,4,12,31,81,3,10,93,37.55
DeAndre' Bembry,SG,25,ATL,43,915,228,15,65,48,152,55,19,249,100.2
Dragan Bender,SF,22,TOT,16,286,92,15,43,14,73,4,9,107,42.48
Dāvis Bertāns,PF,27,WAS,54,1583,610,200,472,122,245,37,33,834,283.05
Patrick Beverley,PG,31,LAC,51,1342,341,80,206,47,266,54,25,405,168.1
Khem Birch,C,27,ORL,48,922,143,0,1,101,220,20,23,212,88.98
Goga Bitadze,C,20,IND,54,471,150,8,42,33,106,10,37,172,69.3
Bismack Biyombo,C,27,CHO,53,1029,278,0,0,151,308,10,49,393,143.5
Nemanja Bjelica,PF,31,SAC,72,2011,653,134,320,84,458,62,40,831,303.53
Eric Bledsoe,PG,30,MIL,61,1646,703,74,215,214,282,57,26,911,279.58
Bogdan Bogdanović,SG,27,SAC,61,1766,766,164,441,116,207,64,15,924,298.95
Bojan Bogdanović,SF,30,UTA,63,2083,935,189,457,277,259,34,7,1275,374.35
Bol Bol,SF,20,DEN,7,87,28,4,9,10,19,2,6,40,14.05
Jonah Bolden,PF,24,TOT,7,47,11,0,4,4,9,3,2,10,5.47
Marques Bolden,C,21,CLE,1,3,0,0,0,0,2,1,0,0,0.52
Jordan Bone,PG,22,DET,10,53,20,2,10,0,4,1,0,12,6
Isaac Bonga,SF,20,WAS,66,1250,234,25,71,85,222,45,22,330,125.65
Devin Booker,SG,23,PHO,70,2512,1283,141,398,509,297,49,18,1863,493.95
Chris Boucher,PF,27,TOR,62,819,299,38,118,116,277,22,61,411,159.32
Brian Bowen,SG,21,IND,6,31,10,0,2,0,7,0,1,6,3.55
Ky Bowman,PG,22,GSW,45,1015,321,33,107,41,121,44,10,335,117.8
Avery Bradley,SG,29,LAL,49,1186,383,63,173,24,115,43,5,423,141.35
Tony Bradley,C,22,UTA,58,663,189,3,3,46,267,14,33,285,108.88
Jarrell Brantley,PF,23,UTA,9,96,28,3,13,2,20,3,5,24,12.12
Ignas Brazdeikis,SF,21,NYK,9,53,22,1,9,5,5,0,1,17,6.95
Corey Brewer,SG,33,SAC,5,33,4,0,1,3,8,4,0,5,3.43
Mikal Bridges,SF,23,PHO,73,2042,484,70,194,122,292,102,46,667,232.65
Miles Bridges,SF,21,CHO,65,1995,753,99,300,131,362,40,48,843,294.47
Oshae Brissett,SF,21,TOR,19,135,36,3,15,10,26,4,1,37,16.3
Ryan Broekhoff,SG,29,DAL,17,180,59,20,51,8,43,5,4,71,30.58
Malcolm Brogdon,PG,27,IND,54,1666,744,75,230,186,262,35,10,893,272.05
Dillon Brooks,SG,24,MEM,73,2112,1068,147,411,203,243,63,27,1181,369.2
Bruce Brown,SG,23,DET,58,1634,447,33,96,119,274,63,29,517,185.85
Charlie Brown,SG,22,ATL,10,40,19,3,9,5,4,2,2,20,7.65
Jaylen Brown,SF,23,BOS,57,1934,887,129,338,243,364,65,20,1159,358.82
Moses Brown,C,20,POR,9,33,10,0,0,8,14,1,1,11,5.85
Sterling Brown,SF,24,MIL,52,767,256,44,136,40,183,29,7,266,113.3
Troy Brown Jr.,SG,20,WAS,69,1782,622,61,179,139,383,85,7,716,256.12
Jalen Brunson,PG,23,DAL,57,1022,388,43,120,75,134,22,4,466,143.45
Thomas Bryant,C,22,WAS,46,1147,418,37,91,116,331,25,49,609,199.38
Reggie Bullock,SG,28,NYK,29,684,224,37,111,21,68,25,3,234,82.23
Trey Burke,PG,27,TOT,33,520,209,32,75,29,50,16,2,243,75.02
Alec Burks,SG,28,TOT,66,1754,768,116,301,265,282,62,17,993,310.35
Deonte Burton,SG,26,OKC,39,356,125,10,53,14,57,7,10,104,45.45
Jimmy Butler,SF,30,MIA,58,1959,758,29,119,525,386,103,32,1157,341.72
Bruno Caboclo,C,24,TOT,30,244,89,6,33,9,60,15,17,90,39.88
Devontae Cacok,C,23,LAL,1,9,6,0,0,0,5,0,0,6,2.17
Kentavious Caldwell-Pope,SG,26,LAL,69,1762,507,92,239,102,142,57,14,645,202.98
Vlatko Čančar,SF,22,DEN,14,45,15,1,6,4,10,1,1,17,7.25
Clint Capela,C,25,HOU,39,1279,388,0,0,104,537,33,72,543,211.1
DeMarre Carroll,SF-PF,33,TOT,24,290,66,8,33,42,55,8,5,87,35.05
Jevon Carter,PG,24,PHO,58,945,243,62,146,27,118,47,17,287,111.87
Vince Carter,SF,43,ATL,60,876,304,61,202,29,124,23,25,298,122.18
Wendell Carter Jr.,C,20,CHI,43,1256,343,6,29,152,405,33,36,484,179.65
Michael Carter-Williams,SG,28,ORL,45,833,260,22,75,95,147,49,22,323,115.57
Alex Caruso,PG,25,LAL,64,1175,291,40,120,94,123,70,18,349,127.88
Willie Cauley-Stein,C,26,TOT,54,1097,302,0,1,66,315,49,61,390,150.12
Tyson Chandler,C,37,HOU,26,219,18,0,0,13,66,6,8,34,20.65
Wilson Chandler,SF,32,BRK,35,734,183,37,121,23,145,16,12,205,87.35
Joe Chealey,PG,24,CHO,4,33,7,0,4,2,0,4,0,2,2.25
Zylan Cheatham,SF,24,NOP,4,51,9,0,1,0,9,1,1,12,4.42
Chris Chiozza,PG,24,TOT,28,401,140,27,72,5,53,21,4,142,54.58
Marquese Chriss,PF,22,GSW,59,1196,385,8,39,156,365,39,62,548,193.05
Gary Clark,PF,25,TOT,42,567,133,39,111,10,110,6,22,156,70.35
Brandon Clarke,PF,23,MEM,58,1300,479,23,64,112,345,32,48,700,216.78
Jordan Clarkson,SG,27,TOT,71,1705,867,152,413,165,187,46,16,1078,322.35
Nicolas Claxton,PF,20,BRK,15,187,48,1,7,21,44,1,8,66,23.82
Chris Clemons,SG,22,HOU,33,291,142,37,107,11,30,9,6,161,56.75
Antonius Cleveland,SG,25,DAL,11,46,14,0,3,5,7,1,3,11,5.73
Amir Coffey,SG,22,LAC,18,159,54,6,19,11,16,5,2,58,20.18
John Collins,PF,22,ATL,41,1363,605,59,147,150,416,31,66,885,277.05
Zach Collins,PF,22,POR,11,290,68,7,19,8,69,5,5,77,31.8
Mike Conley,PG,32,UTA,47,1363,567,96,256,139,151,36,5,675,211.55
Pat Connaughton,SG,27,MIL,67,1243,301,55,166,40,284,25,31,360,152.45
Quinn Cook,PG,26,LAL,44,508,214,31,85,14,51,12,2,224,73.4
Tyler Cook,PF,22,TOT,13,54,12,0,0,8,14,3,0,23,8
Robert Covington,PF-C,29,TOT,70,2137,723,161,480,124,463,115,93,870,349.28
Allen Crabbe,SG,27,TOT,37,653,177,36,119,14,77,15,4,172,70.5
Torrey Craig,SF,29,DEN,58,1072,269,45,138,36,189,23,36,315,125.6
Jamal Crawford,SG,39,BRK,1,6,4,1,2,0,0,0,0,5,1.38
Jae Crowder,SF,29,TOT,65,1875,563,135,394,125,384,72,24,684,271.35
Jarrett Culver,SG,20,MIN,63,1506,569,66,221,117,212,57,38,580,210.85
Seth Curry,SG,29,DAL,64,1576,574,145,321,97,145,38,9,793,237.17
Stephen Curry,PG,31,GSW,5,139,82,12,49,26,26,5,2,104,33
Troy Daniels,SG,28,TOT,47,532,186,46,132,16,52,11,3,200,73.48
Anthony Davis,PF,26,LAL,62,2131,1096,72,218,525,577,91,143,1618,489.75
Ed Davis,C,30,UTA,28,303,46,0,0,14,105,11,9,51,32.53
Terence Davis,SG,22,TOR,72,1209,436,94,242,59,237,39,14,543,193.22
Dewayne Dedmon,C,30,TOT,44,774,255,22,107,36,249,25,41,256,120.63
Matthew Dellavedova,PG,29,CLE,57,821,175,21,91,37,75,20,2,177,69.75
DeMar DeRozan,SF,30,SAS,68,2316,1049,9,35,451,375,70,20,1504,394.05
Cheick Diallo,C,23,PHO,47,479,142,1,3,39,131,11,12,219,70.5
Hamidou Diallo,SF,21,OKC,46,896,296,16,57,63,167,37,9,318,114.18
Gorgui Dieng,C,30,TOT,63,1096,364,54,152,101,354,51,59,464,191.93
Spencer Dinwiddie,SG,26,BRK,64,1994,1021,123,400,446,221,40,21,1318,381.63
Donte DiVincenzo,SG,23,MIL,66,1520,510,83,247,86,318,85,20,610,228.85
Luka Dončić,PG,20,DAL,61,2047,1255,171,541,562,573,62,14,1759,537.35
Luguentz Dort,SG,20,OKC,36,820,218,30,101,53,81,31,4,244,86.38
Damyean Dotson,SG,25,NYK,48,836,290,59,163,33,91,23,4,321,111.68
Sekou Doumbouya,SF,19,DET,38,754,236,28,98,46,118,20,8,243,91.88
PJ Dozier,PG,23,DEN,29,412,157,17,49,29,55,14,6,168,57.38
Goran Dragić,PG,33,MIA,59,1663,724,124,338,246,187,40,10,953,284.65
Andre Drummond,C,26,TOT,57,1879,784,5,35,294,864,109,93,1010,386.78
Jared Dudley,SF,34,LAL,45,364,60,18,42,2,52,15,3,68,33.88
Kris Dunn,PG,25,CHI,51,1269,342,29,112,54,186,101,17,373,144.98
Carsen Edwards,SG,21,BOS,37,351,128,24,76,19,47,12,4,121,49.8
Henry Ellenson,PF,23,BRK,5,15,7,0,4,0,6,0,0,2,2.52
Wayne Ellington,SG,32,NYK,36,558,174,50,143,13,65,13,4,183,72.9
Joel Embiid,C,25,PHI,51,1506,801,57,172,435,593,45,65,1172,377.65
James Ennis,SF,29,TOT,69,1265,359,55,169,98,245,35,22,454,167.57
Drew Eubanks,PF,22,SAS,22,272,67,1,1,26,85,5,17,107,39.27
Jacob Evans,SG,22,TOT,29,418,134,13,39,29,41,11,12,128,47.17
Dante Exum,SG,24,TOT,35,485,119,15,43,43,67,13,8,159,54.85
Tacko Fall,C,24,BOS,7,33,14,0,0,3,15,1,4,23,7.95
Derrick Favors,C,28,NOP,51,1243,339,1,7,71,501,30,46,459,185.85
Cristiano Felício,PF,27,CHI,22,386,54,0,2,23,102,10,2,86,36.2
Terrance Ferguson,SF,21,OKC,56,1257,220,49,168,20,74,27,17,220,91.12
Bruno Fernando,C,21,ATL,56,713,199,5,37,51,198,18,17,240,95
Yogi Ferrell,PG,26,SAC,50,530,188,24,79,42,49,18,4,218,71.47
Dorian Finney-Smith,PF,26,DAL,71,2120,522,114,303,108,405,45,39,678,258
Bryn Forbes,SG,26,SAS,63,1579,581,148,381,90,126,33,0,707,226.62
Evan Fournier,SG,27,ORL,66,2076,929,173,434,220,171,71,15,1221,354.2
De'Aaron Fox,PG,22,SAC,51,1634,815,54,185,342,196,74,25,1077,301.92
Melvin Frazier,SG,23,ORL,19,126,34,8,16,4,10,9,2,40,15.38
Michael Frazier,SG,25,HOU,13,145,29,4,23,14,10,2,0,27,11.97
Tim Frazier,PG,29,DET,27,355,94,10,30,24,33,14,4,97,35.9
Markelle Fultz,PG,21,ORL,72,1996,772,36,135,159,238,90,11,870,264.78
Wenyen Gabriel,PF,22,TOT,30,235,48,6,20,22,52,11,7,63,28.78
Daniel Gafford,C,21,CHI,43,609,134,0,0,60,106,13,56,220,73.38
Danilo Gallinari,PF,31,OKC,62,1834,817,178,439,298,322,42,5,1160,356.78
Langston Galloway,SG,28,DET,66,1702,542,132,331,85,149,48,11,677,220.55
Darius Garland,PG,20,CLE,59,1824,699,105,296,72,111,42,4,728,227.8
Marc Gasol,C,35,TOR,44,1161,279,57,148,49,275,34,38,331,145.3
Rudy Gay,PF,33,SAS,67,1461,596,74,220,136,362,35,33,726,252.43
Paul George,SF,29,LAC,48,1419,782,157,381,217,272,68,20,1033,323.98
Taj Gibson,C,34,NYK,62,1025,286,4,14,56,267,27,30,379,133.57
Harry Giles,PF,21,SAC,46,667,251,0,2,49,188,22,18,316,104.85
Shai Gilgeous-Alexander,SG,21,OKC,70,2428,1015,87,251,357,412,79,47,1331,401.38
Rudy Gobert,C,27,UTA,68,2333,557,0,0,403,916,51,135,1026,374.5
Brandon Goodwin,PG,24,ATL,34,430,190,26,87,30,72,12,4,206,71.78
Aaron Gordon,PF,24,ORL,62,2017,767,73,237,224,475,51,39,894,315.95
Eric Gordon,SF,31,HOU,36,1016,463,96,303,107,71,23,13,520,170.12
Devonte' Graham,PG,24,CHO,63,2211,963,218,585,233,212,62,15,1145,370.28
Treveon Graham,SG,26,TOT,55,929,242,33,120,56,150,24,6,243,101.62
Jerami Grant,PF,25,DEN,71,1892,634,98,252,196,248,50,57,851,269.3
Jerian Grant,PG,27,WAS,6,80,27,2,8,7,6,1,1,27,8.93
Josh Gray,PG,26,NOP,2,23,2,0,0,0,2,0,0,2,0.9
Danny Green,SG,32,LAL,68,1687,474,120,327,48,225,85,32,547,214.1
Draymond Green,PF,29,GSW,43,1222,316,36,129,83,266,59,33,345,149.98
JaMychal Green,PF,29,LAC,63,1307,352,92,238,48,388,29,24,430,191.57
Javonte Green,SF,26,BOS,48,468,126,9,33,42,93,24,8,163,61.03
Jeff Green,PF-C,33,TOT,48,960,344,62,183,91,133,26,19,453,147.35
Blake Griffin,PF,30,DET,18,512,250,27,111,98,84,7,7,279,92.53
Marko Guduric,SG,24,MEM,44,484,157,25,83,26,73,12,8,173,65.22
Kyle Guy,SG,22,SAC,3,10,5,0,3,0,1,0,0,4,1.6
Rui Hachimura,PF,21,WAS,48,1444,545,25,87,140,294,37,8,649,206.73
Devon Hall,SG,24,OKC,11,81,30,4,17,8,7,4,1,20,10.3
Donta Hall,PF,22,TOT,9,133,22,0,0,18,38,3,6,39,15.7
Dusty Hannahs,SG,26,MEM,2,13,9,2,3,2,1,0,0,12,3.28
Tim Hardaway Jr.,SG,27,DAL,71,2091,884,204,513,182,232,41,5,1121,348.62
James Harden,SG,30,HOU,68,2483,1514,299,843,800,446,125,60,2335,683.62
Maurice Harkless,SF,26,TOT,62,1427,283,34,98,66,240,58,33,357,142.12
Jared Harper,PG,22,PHO,3,8,4,0,2,0,0,0,0,2,1.02
Montrezl Harrell,C,26,LAC,63,1749,812,0,18,351,445,39,72,1173,334.85
Gary Harris,SG,25,DEN,56,1780,519,70,210,92,163,76,14,581,195.78
Joe Harris,SF,28,BRK,69,2123,784,172,406,89,298,41,17,998,318.12
Tobias Harris,PF,27,PHI,72,2469,1173,131,357,216,495,53,40,1411,441.22
Shaquille Harrison,SF,26,CHI,43,484,165,16,42,50,86,34,19,209,74.35
Josh Hart,SF,24,NOP,65,1755,532,121,354,115,425,63,23,656,264.15
Isaiah Hartenstein,C,21,HOU,23,266,67,0,5,28,90,9,12,107,40.23
Udonis Haslem,PF,39,MIA,4,44,11,1,3,4,16,0,0,12,5.85
Jaxson Hayes,C,19,NOP,64,1080,259,1,4,190,259,26,55,472,150.62
Gordon Hayward,SF,29,BOS,52,1740,700,85,222,145,348,38,22,909,283.25
John Henson,PF,29,TOT,40,600,171,8,36,46,162,24,42,221,87.92
Dewan Hernandez,C,23,TOR,6,28,14,1,2,5,14,1,0,14,6.38
Juan Hernangómez,PF,24,TOT,48,833,247,44,129,71,197,19,9,288,116.77
Willy Hernangómez,C,25,CHO,31,375,139,5,22,59,134,10,7,190,67.85
Tyler Herro,SG,20,MIA,55,1508,631,116,298,100,224,34,9,743,242
Kevin Hervey,PF,23,OKC,10,52,27,3,20,0,12,1,1,17,9.55
Mario Hezonja,PF,24,POR,53,871,218,24,78,59,184,36,9,256,103.92
Buddy Hield,SG,27,SAC,72,2216,1162,271,688,136,328,66,17,1382,448.28
George Hill,PG,33,MIL,59,1271,376,81,176,101,177,47,5,554,174
Solomon Hill,SF,28,TOT,59,1088,278,63,171,54,165,43,12,323,129
Jaylen Hoard,SF,20,POR,13,103,32,0,3,13,32,5,0,38,15.35
Aaron Holiday,PG,23,IND,66,1617,563,87,221,87,156,55,16,627,205.48
Jrue Holiday,SG,29,NOP,61,2117,1006,122,346,182,293,99,48,1167,367.35
Justin Holiday,SG,30,IND,73,1826,486,134,331,67,238,87,46,603,230.02
Rondae Hollis-Jefferson,SF,25,TOR,60,1122,329,3,23,143,283,46,23,418,151.7
Richaun Holmes,C,26,SAC,44,1242,344,0,0,118,358,41,56,539,179.22
Rodney Hood,SF,27,POR,21,619,172,35,71,27,72,17,4,230,72.52
Al Horford,C,33,PHI,67,2025,709,99,283,80,456,52,61,798,298.62
Talen Horton-Tucker,SG,19,LAL,6,81,30,4,13,4,7,8,1,34,11.77
Danuel House,SF,26,HOU,63,1913,539,129,355,90,267,67,34,662,243.83
Dwight Howard,C,34,LAL,69,1306,277,3,5,214,507,31,79,517,201.5
William Howard,PF,26,HOU,2,13,4,0,4,0,2,0,0,0,1.15
Kevin Huerter,SG,21,ATL,56,1760,610,127,334,64,228,51,27,684,240.72
De'Andre Hunter,SF,22,ATL,63,2018,683,108,304,144,286,44,18,778,265.97
Chandler Hutchison,SF,23,CHI,28,527,175,12,38,78,108,27,7,218,76.4
Serge Ibaka,C,30,TOR,55,1485,670,70,182,124,452,28,46,845,284.25
Andre Iguodala,SG,36,MIA,21,418,88,14,47,15,78,14,21,96,45.35
Ersan İlyasova,PF,32,MIL,63,986,313,50,137,87,302,24,17,414,160.1
Joe Ingles,SF,32,UTA,72,2137,553,141,353,94,278,65,11,707,250.98
Brandon Ingram,PF,22,NOP,62,2104,1096,150,384,368,380,61,38,1477,436.67
Kyrie Irving,PG,27,BRK,20,658,416,56,142,102,103,27,10,548,155.35
Jonathan Isaac,SF,22,ORL,34,980,332,32,94,77,231,53,78,404,155.45
Wesley Iwundu,SF,25,ORL,52,953,233,28,82,97,131,25,13,300,104.55
Frank Jackson,PG,21,NOP,59,797,331,47,144,75,83,17,4,371,119.92
Jaren Jackson Jr.,C,20,MEM,57,1622,753,145,368,186,262,40,92,990,317.45
Josh Jackson,SG,22,MEM,22,381,159,23,72,50,66,18,9,198,67.03
Justin Jackson,PF,24,DAL,65,1045,341,48,163,50,154,15,10,360,131.55
Reggie Jackson,PG,29,TOT,31,743,326,57,145,54,92,13,5,370,118.38
Justin James,SG,23,SAC,36,232,84,9,29,21,32,6,9,89,33.62
LeBron James,PG,35,LAL,67,2316,1303,148,425,381,525,78,36,1698,512.85
Amile Jefferson,PF,26,ORL,18,74,14,0,0,14,23,1,3,15,9.38
DaQuan Jeffries,SG,22,SAC,13,141,40,5,18,6,18,4,1,50,16.95
Ty Jerome,PG,22,PHO,31,328,113,14,50,16,46,15,3,102,42.27
Alize Johnson,SF,23,IND,17,118,29,3,8,10,48,3,2,34,17.85
B.J. Johnson,SF,24,ORL,10,83,32,3,9,10,15,3,0,30,11.95
Cameron Johnson,PF,23,PHO,57,1255,405,106,272,57,187,36,20,504,180.72
James Johnson,PF,32,TOT,32,619,215,33,91,48,118,25,32,270,97.25
Keldon Johnson,SF,20,SAS,17,301,89,13,22,44,57,14,2,154,45.85
Stanley Johnson,PF,23,TOR,25,150,59,7,24,16,37,6,4,60,25.8
Tyler Johnson,SG,27,TOT,39,709,250,38,119,50,76,16,9,274,93.5
Nikola Jokić,C,24,DEN,73,2336,1071,80,255,301,711,85,44,1456,464.75
Damian Jones,C,24,ATL,55,887,178,2,9,84,206,26,40,306,106.1
Derrick Jones Jr.,SF,22,MIA,59,1375,349,37,132,123,233,58,38,500,171.85
Tyus Jones,PG,23,MEM,65,1232,429,47,124,58,103,59,6,484,151.55
DeAndre Jordan,C,31,BRK,56,1234,287,0,0,122,561,18,52,465,191.78
Cory Joseph,PG,28,SAC,72,1759,412,56,159,70,188,53,21,458,165.57
Mfiondu Kabengele,C,22,LAC,12,64,32,9,20,5,11,2,2,42,14.47
Frank Kaminsky,C,26,PHO,39,777,307,41,124,90,176,14,10,378,129.8
Enes Kanter,C,27,BOS,58,983,348,1,7,99,431,22,41,469,177.48
Luke Kennard,SG,23,DET,28,922,342,73,183,75,98,12,6,442,135.55
Stanton Kidd,SF,27,UTA,4,15,3,0,1,0,3,0,0,0,1.12
Michael Kidd-Gilchrist,SF-PF,26,TOT,25,281,66,5,20,14,67,2,6,60,30.05
Louis King,SF,20,DET,10,62,21,4,11,3,10,2,0,20,8.62
Maxi Kleber,C,28,DAL,74,1890,514,119,319,93,388,25,83,672,258.8
Brandon Knight,PG,28,TOT,25,462,167,45,131,34,41,10,3,183,66.7
Kevin Knox,SF,20,NYK,65,1166,401,65,199,101,184,23,28,419,160.7
John Konchar,SG,23,MEM,19,181,37,5,10,2,47,7,3,54,21.9
Furkan Korkmaz,SG,22,PHI,72,1559,563,143,356,102,168,41,16,704,233.13
Luke Kornet,C,24,CHI,36,559,187,31,108,28,84,11,26,215,79.8
Kyle Korver,SF,38,MIL,58,960,293,99,237,41,122,26,12,386,138.1
Rodions Kurucs,PF,21,BRK,47,684,177,33,90,38,137,25,5,215,85.93
Kyle Kuzma,PF,24,LAL,61,1526,668,86,272,155,273,28,26,782,257.08
Skal Labissière,C,23,POR,33,567,147,3,13,33,169,7,31,190,74.97
Jeremy Lamb,SG,27,IND,46,1291,479,53,158,110,200,55,22,577,189
Romeo Langford,SG,20,BOS,32,370,80,5,27,25,41,8,8,79,32.72
Zach LaVine,SG,24,CHI,60,2085,1199,184,484,334,289,88,28,1530,452.4
Vic Law,SF,24,ORL,8,62,18,1,7,6,11,2,0,15,7.18
Jake Layman,PF,25,MIN,23,505,179,24,72,32,57,17,10,210,68.47
T.J. Leaf,PF,22,IND,28,222,86,5,18,16,71,10,4,84,36.73
Jalen Lecque,PG,19,PHO,5,32,10,0,4,2,2,0,0,10,3.33
Courtney Lee,SG,34,DAL,24,345,82,21,47,7,32,18,6,107,38.27
Damion Lee,SG,27,GSW,49,1423,511,85,239,126,239,50,6,621,211.5
Alex Len,C,26,TOT,55,970,319,16,59,105,321,23,48,438,161.25
Kawhi Leonard,SF,28,LAC,57,1848,1133,123,325,402,402,103,33,1543,451
Meyers Leonard,C,27,MIA,51,1034,234,53,128,28,260,14,15,309,126.82
Caris LeVert,SG,25,BRK,45,1330,732,80,220,197,189,53,10,842,255.98
Damian Lillard,PG,29,POR,66,2474,1349,270,674,518,284,70,22,1978,553.7
Nassir Little,PF,19,POR,48,573,151,14,59,44,108,13,14,172,68.83
Kevon Looney,C,23,GSW,20,262,79,1,14,12,66,12,6,68,32.27
Brook Lopez,C,31,MIL,68,1817,671,102,325,152,312,46,163,813,296.7
Robin Lopez,C,31,MIL,66,958,299,35,105,53,161,10,45,357,126.78
Kevin Love,PF,31,CLE,56,1780,727,146,390,219,547,33,19,987,348.58
Kyle Lowry,PG,33,TOR,58,2098,803,164,466,343,292,82,26,1126,358
Timothé Luwawu-Cabarrot,SG,24,BRK,47,853,269,62,160,81,127,18,7,365,122.65
Trey Lyles,PF,24,SAS,63,1271,343,65,168,45,361,28,28,404,175.05
Daryl Macon,SG,24,MIA,4,14,3,1,2,0,0,0,0,3,1.25
J.P. Macura,SG,24,CLE,1,1,0,0,0,0,0,0,0,0,0.07
Josh Magette,PG,30,ORL,8,38,15,1,4,2,6,3,1,12,5.62
Ian Mahinmi,C,33,WAS,38,808,210,5,26,113,218,31,44,283,111.4
Thon Maker,C,22,DET,60,776,193,22,64,110,167,25,39,281,106.62
Terance Mann,SG,23,LAC,41,362,79,7,20,27,55,11,5,99,37.73
Boban Marjanović,C,31,DAL,44,422,211,4,17,57,197,8,10,289,97.4
Lauri Markkanen,PF,22,CHI,50,1492,591,109,317,153,313,42,23,737,256.72
Caleb Martin,SF,24,CHO,18,317,84,20,37,21,38,12,7,111,38.5
Cody Martin,SF,24,CHO,48,903,207,18,77,65,158,39,9,238,96.22
Jeremiah Martin,PG,23,BRK,9,99,53,5,18,14,10,7,2,64,19.5
Kelan Martin,SF,24,MIN,31,495,181,25,96,31,96,7,9,197,73.73
Frank Mason III,PG,25,MIL,9,118,51,6,21,17,19,5,1,62,20.45
Garrison Mathews,SG,23,WAS,18,227,56,19,46,34,24,8,1,98,31.68
Wesley Matthews,SG,33,MIL,67,1635,422,108,297,68,166,38,9,494,180.1
Luc Mbah a Moute,PF,33,HOU,3,25,5,0,2,2,2,2,0,5,2.2
Patrick McCaw,SF,24,TOR,37,908,162,23,71,18,86,39,4,170,68.68
CJ McCollum,SG,28,POR,70,2556,1356,194,512,185,297,54,42,1556,466.2
T.J. McConnell,PG,27,IND,71,1326,411,5,17,42,189,56,11,464,146.83
Jalen McDaniels,PF,22,CHO,16,293,70,9,24,17,65,8,3,89,34.5
Doug McDermott,PF,28,IND,69,1372,547,128,294,58,174,12,5,710,218.22
JaVale McGee,C,32,LAL,68,1130,306,3,6,82,390,36,94,446,174.38
Rodney McGruder,SG,28,LAC,56,871,181,24,89,34,151,26,8,187,84.8
Alfonzo McKinnie,SF,27,CLE,40,593,171,14,65,31,113,23,8,182,72.62
Jordan McLaughlin,PG,23,MIN,30,590,178,29,76,39,49,34,4,229,73
Ben McLemore,SG,26,HOU,71,1619,545,181,452,67,157,45,16,715,241.78
Jordan McRae,SG,28,TOT,37,784,366,45,126,109,124,21,16,426,137.3
Nicolò Melli,C,29,NOP,60,1042,323,69,206,73,180,34,23,395,149.45
De'Anthony Melton,PG,21,MEM,60,1167,401,40,140,121,220,77,20,455,170.57
Chimezie Metu,PF,22,SAS,18,105,42,0,2,13,33,3,6,58,19.9
Khris Middleton,SF,28,MIL,62,1853,947,147,354,227,382,53,7,1297,384.05
Eric Mika,PF,25,SAC,1,19,3,0,0,2,7,0,0,6,2.28
C.J. Miles,SG,32,WAS,10,161,59,11,35,20,12,10,4,64,23.55
Malcolm Miller,SF,26,TOR,28,162,29,8,22,8,16,5,2,35,15.88
Patty Mills,PG,31,SAS,66,1485,598,154,403,112,108,53,6,767,240.75
Paul Millsap,PF,34,DEN,51,1240,438,54,124,141,293,44,30,591,199.65
Shake Milton,SG,23,PHI,40,805,277,58,135,65,88,20,7,377,115.7
Donovan Mitchell,SG,23,UTA,69,2364,1342,173,473,322,304,70,14,1655,477.65
Naz Mitrou-Long,SG,26,IND,5,47,17,2,12,0,7,1,1,14,6.33
Adam Mokoka,SG,21,CHI,11,112,28,6,15,4,10,4,0,32,11.8
Malik Monk,SG,21,CHO,55,1169,488,58,204,100,157,25,16,564,180.68
Matt Mooney,SG,22,CLE,4,19,4,0,2,0,3,2,1,2,2
E'Twaun Moore,SG,30,NOP,56,1020,437,63,167,45,131,32,11,466,154.9
Ja Morant,PG,20,MEM,67,2074,937,60,179,308,259,58,18,1193,334.42
Juwan Morgan,PF,22,UTA,21,134,26,3,8,4,29,1,2,36,14.65
Marcus Morris,SF-PF,30,TOT,62,1936,810,142,348,220,311,47,30,1033,327.83
Markieff Morris,PF,30,TOT,58,1187,458,88,228,85,218,31,17,560,192.4
Monte Morris,PG,24,DEN,73,1636,566,65,172,89,137,55,17,660,201.4
Johnathan Motley,PF,24,LAC,13,41,15,1,1,7,10,3,0,28,8.47
Emmanuel Mudiay,PG,23,UTA,54,850,327,30,87,83,126,24,10,395,124.55
Mychal Mulder,SG,25,GSW,7,204,67,16,52,12,23,2,1,77,27.25
Dejounte Murray,PG,23,SAS,66,1687,637,41,111,114,383,111,17,720,254.45
Jamal Murray,PG,22,DEN,59,1904,894,112,324,185,236,67,17,1091,325.75
Džanan Musa,SF,20,BRK,40,487,172,19,78,60,86,15,1,192,70.72
Mike Muscala,C,28,OKC,47,572,189,54,143,22,108,9,12,226,88.6
Sviatoslav Mykhailiuk,SF,22,DET,56,1265,405,115,285,70,104,41,4,504,169.3
Abdel Nader,SF,26,OKC,55,867,263,48,128,66,100,23,20,345,113.9
Larry Nance Jr.,C,27,CLE,56,1472,431,56,159,74,409,56,22,564,213.48
Shabazz Napier,PG,28,TOT,56,1344,456,76,240,153,158,69,11,578,192.9
Raul Neto,PG,27,PHI,54,668,222,34,88,47,61,24,6,275,87.47
Malik Newman,SG,22,CLE,1,4,2,0,1,2,0,0,0,2,0.7
Georges Niang,PF,26,UTA,66,923,322,90,225,24,127,18,5,392,137.98
Joakim Noah,C,34,LAC,5,50,8,0,0,8,16,1,1,14,6.03
Nerlens Noel,C,25,OKC,61,1127,269,1,3,106,300,59,91,449,160.75
Zach Norvell,SG,22,TOT,5,41,12,3,8,1,6,2,0,10,5.05
Jaylen Nowell,SG,20,MIN,15,151,53,3,26,17,13,3,1,57,19.27
Frank Ntilikina,PG,21,NYK,57,1187,333,44,137,59,121,54,16,357,129.57
Kendrick Nunn,SG,24,MIA,67,1962,914,137,391,100,180,56,15,1024,313.52
Jusuf Nurkić,C,25,POR,8,253,109,2,10,35,82,11,16,141,48.22
David Nwaba,SF,27,BRK,20,268,71,12,28,27,45,11,12,104,36.75
Royce O'Neale,PF,26,UTA,71,2049,365,92,244,55,389,59,32,450,202.62
Kyle O'Quinn,C,29,PHI,29,313,85,7,27,20,116,7,24,102,49.38
Semi Ojeleye,PF,25,BOS,69,1011,196,48,127,32,145,21,5,236,97.05
Jahlil Okafor,C,24,NOP,30,467,162,1,3,62,127,7,22,243,75.67
Elie Okobo,PG,22,PHO,55,719,181,25,71,71,90,24,4,219,79.3
Josh Okogie,SG,21,MIN,62,1547,398,41,154,191,268,68,26,533,191.6
KZ Okpala,SF,20,MIA,5,26,5,0,1,2,5,2,1,7,3.12
Victor Oladipo,SG,27,IND,19,528,246,33,104,59,75,17,4,275,89.67
Kelly Olynyk,C,28,MIA,67,1300,398,95,234,100,305,45,23,549,203.82
Miye Oni,SG,22,UTA,10,109,32,7,19,5,17,4,2,35,14.33
Cedi Osman,SF,24,CLE,65,1910,609,123,321,94,231,54,16,718,244.83
Kelly Oubre Jr.,SF,24,PHO,56,1933,826,108,307,246,361,71,40,1046,337.18
Tariq Owens,PF,24,PHO,3,15,5,0,2,2,3,1,0,4,2.07
Jeremy Pargo,PG,33,GSW,3,44,22,3,7,1,3,1,0,25,7.1
Jabari Parker,PF,24,TOT,38,917,429,32,119,81,214,45,16,531,170.35
Chandler Parsons,SF,31,ATL,5,54,18,4,14,0,7,4,1,14,7.27
Eric Paschall,PF,23,GSW,60,1654,640,37,129,212,275,32,13,837,246.02
Anžejs Pasečņiks,C,24,WAS,27,437,116,0,3,58,107,9,12,156,55.45
Patrick Patterson,PF,30,LAC,59,776,233,67,172,43,151,7,3,292,111.8
Justin Patton,C,22,OKC,5,24,10,1,4,0,5,0,0,9,3.67
Chris Paul,PG,34,OKC,70,2208,887,111,304,279,349,111,11,1232,369.22
Cameron Payne,PG,25,PHO,8,183,68,15,29,7,31,8,2,87,28.83
Elfrid Payton,PG,25,NYK,45,1246,440,14,69,86,212,70,17,449,159.57
Gary Payton II,PG,27,WAS,29,432,116,13,46,8,80,33,7,113,51.38
Norvel Pelle,C,26,PHI,24,232,48,0,1,14,72,3,31,57,30.4
Theo Pinson,SG,24,BRK,33,365,155,15,80,16,54,17,4,120,52.9
Mason Plumlee,C,29,DEN,61,1057,288,0,5,155,317,33,38,437,154.32
Jakob Poeltl,C,24,SAS,66,1171,266,0,0,86,375,37,95,372,158.4
Vincent Poirier,C,26,BOS,22,130,36,1,2,7,43,2,9,41,19.1
Shamorie Ponds,PG,21,TOR,4,11,5,1,2,2,1,0,1,9,2.6
Jordan Poole,SG,20,GSW,57,1274,502,74,265,119,118,35,10,503,176.88
Kevin Porter Jr.,SF,19,CLE,50,1162,421,53,158,101,162,46,14,498,164.93
Michael Porter Jr.,PF,21,DEN,55,903,383,62,147,72,259,27,25,512,175.45
Otto Porter,SF,26,CHI,14,331,140,24,62,27,48,15,6,167,55.27
Bobby Portis,C,24,NYK,66,1393,589,67,187,93,338,32,18,668,232.6
Kristaps Porziņģis,PF,24,DAL,57,1814,932,142,403,283,540,41,115,1164,409.5
Dwight Powell,C,28,DAL,40,1061,229,10,39,111,227,34,22,376,125.07
Norman Powell,SG,26,TOR,52,1479,598,109,273,153,190,60,21,830,249.85
Taurean Prince,SF,25,BRK,64,1857,739,146,431,89,381,57,25,773,299.8
Chasson Randle,PG,26,GSW,3,40,4,0,2,6,2,2,0,5,2.3
Julius Randle,PF,25,NYK,64,2080,1006,64,231,352,622,51,22,1248,408.58
Josh Reaves,SG,22,DAL,4,28,9,0,2,2,3,0,0,8,2.9
Cam Reddish,SF,20,ATL,58,1551,554,83,250,126,216,62,28,610,217.33
J.J. Redick,SG,35,NOP,60,1581,631,180,397,185,151,20,10,917,270.9
Naz Reid,C,20,MIN,30,495,243,32,97,53,124,19,22,269,98.85
Josh Richardson,SG,26,PHI,55,1693,646,85,249,141,174,52,36,755,238.75
Austin Rivers,SG,27,HOU,68,1594,501,96,270,111,175,49,10,596,202.6
Andre Roberson,SG,28,OKC,7,87,29,3,14,2,27,1,3,20,12.1
Duncan Robinson,SG,25,MIA,73,2166,687,270,606,72,232,35,19,983,322.75
Glenn Robinson III,SF,26,TOT,62,1786,592,77,197,86,270,54,16,727,234.43
Jerome Robinson,SG,22,TOT,63,979,310,49,153,57,129,28,17,319,122.15
Justin Robinson,PG,22,WAS,9,49,12,3,5,0,5,0,1,13,5.15
Mitchell Robinson,C,21,NYK,61,1412,341,0,0,148,428,52,119,590,209.68
Isaiah Roby,SF,21,OKC,3,11,1,0,0,0,2,0,0,0,0.62
Rajon Rondo,PG,33,LAL,48,984,328,41,125,41,142,40,2,342,123.3
Derrick Rose,PG,31,DET,50,1298,753,45,147,139,121,40,16,904,242.2
Terrence Ross,SG,28,ORL,69,1889,846,177,504,184,222,77,24,1016,334.35
Terry Rozier,PG,25,CHO,63,2164,941,172,423,190,276,61,10,1134,355.35
Ricky Rubio,PG,29,PHO,65,2016,692,78,216,226,304,94,11,847,278.55
D'Angelo Russell,PG,23,TOT,45,1452,846,158,431,199,177,48,13,1039,315.58
Domantas Sabonis,PF,23,IND,62,2159,848,17,67,296,771,47,30,1147,381.98
Luka Šamanić,PF,20,SAS,3,48,16,3,8,4,10,0,2,16,6.8
JaKarr Sampson,SF,26,IND,34,471,115,2,13,27,88,16,12,156,53.52
Dario Šarić,PF,25,PHO,66,1632,538,84,235,128,406,37,16,704,250.13
Tomáš Satoranský,PG,28,CHI,65,1878,551,64,199,121,254,80,7,644,220.6
Admiral Schofield,SF,22,WAS,33,368,92,19,61,15,47,8,4,99,40.6
Dennis Schröder,PG,26,OKC,65,1999,965,125,325,236,236,45,14,1229,351.05
Mike Scott,PF,31,PHI,68,1207,350,80,217,37,248,21,5,408,160.32
Thabo Sefolosha,PF,35,HOU,41,436,91,15,54,8,93,24,12,92,49.35
Collin Sexton,SG,21,CLE,65,2143,1086,97,255,267,204,65,7,1349,368.1
Landry Shamet,SG,22,LAC,53,1452,391,111,296,76,100,20,10,492,163.95
Marial Shayok,SG,24,PHI,4,28,12,2,6,4,7,0,1,11,4.98
Iman Shumpert,SG,29,BRK,13,241,64,8,33,7,34,12,2,54,25.15
Pascal Siakam,PF,25,TOR,60,2110,1104,131,365,303,439,61,53,1371,428.12
Chris Silva,PF,23,MIA,44,346,78,0,3,55,126,9,21,133,54.1
Ben Simmons,PG,23,PHI,57,2017,647,2,7,298,444,119,33,937,291.17
Anfernee Simons,SG,20,POR,70,1449,536,75,226,92,152,26,10,579,190.35
Alen Smailagić,PF,19,GSW,14,139,40,3,13,19,27,3,4,59,19.82
Marcus Smart,SG,25,BOS,60,1919,682,137,395,152,225,101,29,776,277.3
Dennis Smith Jr.,PG,22,NYK,34,537,211,16,54,53,78,28,8,187,72.83
Ish Smith,PG,31,WAS,68,1787,689,62,169,86,219,59,30,740,237.43
J.R. Smith,SG,34,LAL,6,79,22,1,11,2,5,1,0,17,6.73
Zhaire Smith,SG,20,PHI,7,32,11,0,3,4,2,3,0,8,3.8
Tony Snell,SF,28,DET,59,1641,382,102,254,32,111,32,15,474,158.98
Omari Spellman,PF,22,GSW,49,886,295,43,110,92,219,33,24,370,139.05
Max Strus,SG,23,CHI,2,6,3,0,1,1,1,0,0,5,1.35
Edmond Sumner,PG,24,IND,31,447,142,14,53,29,46,15,9,152,53.2
Caleb Swanigan,PF,22,TOT,27,288,47,0,2,17,100,3,7,65,32.35
Jayson Tatum,PF,21,BOS,66,2265,1226,189,469,313,460,93,57,1547,486.88
Jeff Teague,PG,31,TOT,59,1464,489,43,117,197,142,44,19,641,188.2
Garrett Temple,SG,33,BRK,62,1730,587,127,386,87,218,49,29,641,237.05
Daniel Theis,C,27,BOS,65,1566,426,32,96,114,426,37,84,601,221.55
Isaiah Thomas,PG,30,WAS,40,925,426,78,189,76,68,13,6,488,147.38
Khyri Thomas,SG,23,DET,8,61,17,5,14,4,1,3,0,17,6.9
Lance Thomas,SF,31,BRK,7,98,23,4,13,4,13,0,0,24,9.45
Matt Thomas,SG,25,TOR,41,440,150,47,99,12,61,10,1,202,68.02
Tristan Thompson,C,28,CLE,57,1721,562,9,23,161,577,33,50,684,255.88
Sindarius Thornwell,SG,25,NOP,2,35,11,2,4,4,4,1,1,16,4.9
Matisse Thybulle,SG,22,PHI,65,1287,265,56,157,41,107,94,47,305,127.52
Anthony Tolliver,PF,34,TOT,55,872,182,49,145,29,154,19,11,200,93.38
Juan Toscano-Anderson,SF,26,GSW,13,272,63,8,23,5,52,13,5,69,29.38
Karl-Anthony Towns,C,24,MIN,35,1187,622,114,277,226,378,33,42,926,294.85
Gary Trent Jr.,SG,21,POR,61,1332,441,112,268,45,100,48,16,541,177.25
Allonzo Trier,PG,24,NYK,24,291,106,19,53,43,29,3,4,155,45.68
P.J. Tucker,PF,34,HOU,72,2467,426,107,299,48,476,77,36,500,237.05
Rayjon Tucker,SG,22,UTA,20,161,43,3,17,23,20,1,1,62,19.65
Evan Turner,PG,31,ATL,19,251,67,0,5,14,38,9,8,62,25.2
Myles Turner,C,23,IND,62,1826,587,86,250,169,407,46,132,749,282.68
Jarrod Uthoff,SF,26,TOT,7,53,18,3,9,2,6,1,0,19,6.9
Jonas Valančiūnas,C,27,MEM,70,1845,739,32,91,200,788,30,76,1044,364.58
Denzel Valentine,SF,26,CHI,36,488,237,46,137,8,74,26,6,246,89.47
Jarred Vanderbilt,SF-PF,20,TOT,11,46,8,0,1,2,9,3,1,12,5.25
Fred VanVleet,PG,25,TOR,54,1928,773,146,374,198,203,100,17,952,304.55
Gabe Vincent,PG,23,MIA,9,83,37,6,27,0,5,5,0,22,11.4
Noah Vonleh,C-PF,24,TOT,36,377,92,3,15,32,124,11,6,132,52.65
Nikola Vučević,C,29,ORL,62,1998,1033,98,289,167,673,54,47,1215,418.2
Dean Wade,PF,23,CLE,12,71,13,2,4,1,19,2,4,20,9.05
Moritz Wagner,C,22,WAS,45,835,266,25,80,95,219,28,19,393,132.88
Dion Waiters,SG,28,TOT,10,207,99,15,47,17,24,4,6,111,35.88
Kemba Walker,PG,29,BOS,56,1742,889,180,473,242,217,48,28,1145,350.25
Lonnie Walker,SG,21,SAS,61,988,357,41,101,61,139,32,14,389,132.4
Tyrone Wallace,SG,25,ATL,14,160,44,1,15,17,22,7,1,40,17.05
Derrick Walton,PG,24,TOT,26,248,39,10,24,9,16,7,0,53,19.42
Brad Wanamaker,PG,30,BOS,71,1369,362,37,102,136,144,61,14,487,154.33
T.J. Warren,SF,26,IND,67,2202,997,91,226,204,280,78,34,1326,367.8
P.J. Washington,PF,21,CHO,58,1759,589,86,230,136,316,51,44,710,248.45
Yuta Watanabe,SG,25,MEM,18,105,34,3,8,8,20,5,1,36,14.53
Tremont Waters,PG,22,BOS,11,119,49,4,24,8,12,10,2,40,17.02
Paul Watson,SF-SG,25,TOT,10,87,26,4,12,9,17,4,1,31,12.38
Quinndary Weatherspoon,SG,23,SAS,11,78,17,1,5,2,7,3,1,12,6.28
Russell Westbrook,PG,31,HOU,57,2049,1281,55,213,380,451,93,20,1553,452.95
Coby White,SG,19,CHI,65,1674,792,133,376,129,230,49,6,859,285.47
Derrick White,SG,25,SAS,68,1677,552,79,216,211,223,44,59,765,241.45
Hassan Whiteside,C,30,POR,67,2008,702,4,7,239,905,26,196,1040,387.25
Andrew Wiggins,SF-SG,24,TOT,54,1858,978,111,334,268,274,45,53,1175,356.85
Grant Williams,PF,21,BOS,69,1043,211,24,96,54,178,30,36,237,105.4
Johnathan Williams,C,24,WAS,15,180,34,0,2,13,64,1,8,45,21.9
Kenrich Williams,PF,25,NOP,39,832,147,25,97,26,186,27,21,136,81.42
Lou Williams,SG,33,LAC,65,1864,936,111,315,339,201,43,12,1185,339.45
Marvin Williams,PF,33,TOT,58,1129,267,56,156,57,183,36,30,343,132.83
Robert Williams,C,22,BOS,29,388,88,0,0,34,128,22,35,150,59.18
Nigel Williams-Goss,PG,25,UTA,10,50,16,2,7,2,6,3,1,14,6.47
Zion Williamson,PF,19,NOP,24,668,360,6,14,178,150,16,9,540,142.25
D.J. Wilson,PF,23,MIL,37,363,132,18,73,18,92,3,5,133,56.23
Justise Winslow,SF,23,MIA,11,352,129,6,27,27,73,7,5,124,46.1
Christian Wood,PF,24,DET,62,1325,508,54,140,242,390,34,54,810,257.75
Delon Wright,SG,27,DAL,73,1570,411,47,127,100,280,85,22,504,188.02
Justin Wright-Foreman,PG,22,UTA,4,45,20,2,10,4,5,2,0,19,6.92
Thaddeus Young,PF,31,CHI,64,1591,601,79,222,72,315,92,23,659,241.9
Trae Young,PG,21,ATL,60,2120,1249,205,568,559,255,65,8,1778,497.02
Cody Zeller,C,27,CHO,58,1341,479,18,75,179,411,40,25,642,220.72
Tyler Zeller,C,30,SAS,2,4,4,0,0,0,4,0,0,2,1.4
Ante Žižić,C,23,CLE,22,221,72,0,0,19,66,7,5,96,33.5
Ivica Zubac,C,22,LAC,72,1326,385,0,2,166,543,16,66,596,220.6
