Player,Pos,Age,Tm,G,MP,FGA,3P,3PA,2PA,FTA,TRB,AST,STL,BLK,PTS,FV
Steven Adams,C,26,OKC,63,1680,478,1,3,475,201,583,146,51,67,684,448.75000000000006
Bam Adebayo,PF,22,MIA,72,2417,790,2,14,776,382,735,368,82,93,1146,675.2500000000001
LaMarcus Aldridge,C,34,SAS,53,1754,793,61,157,636,191,392,129,36,87,1001,498.7
Kyle Alexander,PF,23,MIA,2,13,2,0,0,2,0,3,0,0,0,2,2.8500000000000005
Nickeil Alexander-Walker,SG,21,NOP,47,591,266,46,133,133,37,84,89,17,8,267,168.59999999999997
Grayson Allen,SG,24,MEM,38,718,251,57,141,110,45,85,52,10,2,330,188.84999999999997
Jarrett Allen,C,21,BRK,70,1852,465,0,6,459,270,671,110,40,92,775,494.15000000000003
Kadeem Allen,SG,27,NYK,10,117,44,5,16,28,11,9,21,5,2,50,31.8
Al-Farouq Aminu,PF,29,ORL,18,380,86,9,36,50,29,87,21,18,8,78,89.35
Justin Anderson,SF,26,BRK,10,107,38,6,29,9,4,21,8,0,6,28,28.000000000000004
Kyle Anderson,PF,26,MEM,67,1330,331,24,85,246,78,285,162,54,37,390,329.44999999999993
Ryan Anderson,C,31,HOU,2,14,7,1,5,2,0,7,2,1,0,5,4.6
Giannis Antetokounmpo,PF,25,MIL,63,1917,1238,89,293,945,629,856,354,61,66,1857,733.3000000000001
Kostas Antetokounmpo,PF,22,LAL,5,20,3,0,0,3,2,3,2,0,0,7,5.2
Thanasis Antetokounmpo,SF,27,MIL,20,129,48,0,10,38,17,24,15,7,2,55,36.4
Carmelo Anthony,PF,35,POR,58,1902,782,87,226,556,161,368,85,49,27,895,503.55
OG Anunoby,SF,22,TOR,69,2066,566,89,228,338,102,364,108,96,45,733,508.55
Ryan Arcidiacono,PG,25,CHI,58,930,220,54,138,82,38,110,96,27,3,261,223.1
Trevor Ariza,SF,34,TOT,53,1493,324,77,207,117,74,246,91,69,15,423,354.25
Trevor Ariza,SF,34,SAC,32,791,165,43,122,43,27,146,50,35,7,192,186.44999999999996
Trevor Ariza,SF,34,POR,21,702,159,34,85,74,47,100,41,34,8,231,167.8
D.J. Augustin,PG,32,ORL,57,1420,461,70,201,260,181,122,262,34,1,599,372.50000000000006
Deandre Ayton,C,21,PHO,38,1236,568,3,13,555,89,436,72,26,58,690,353.1
Dwayne Bacon,SG,24,CHO,39,687,244,19,67,177,53,100,52,23,2,224,169.1
Marvin Bagley III,PF,20,SAC,13,334,167,4,22,145,31,97,10,6,12,185,94.45
Lonzo Ball,PG,22,NOP,63,2025,687,148,395,292,76,383,438,88,38,745,555.0999999999999
Mo Bamba,C,21,ORL,62,878,286,37,107,179,46,302,42,23,86,332,245.14999999999998
J.J. Barea,PG,35,DAL,29,450,207,32,85,122,22,53,112,5,2,222,130.14999999999998
Harrison Barnes,PF,27,SAC,72,2482,793,102,268,525,267,355,159,43,12,1046,621.2
RJ Barrett,SG,19,NYK,56,1704,727,63,197,530,254,279,143,55,17,803,458.90000000000003
Will Barton,SF,29,DEN,58,1916,738,108,288,450,133,365,212,61,29,874,518.9499999999998
Keita Bates-Diop,SF,24,TOT,44,744,234,34,103,131,75,127,30,19,24,288,191
Keita Bates-Diop,SF,24,MIN,37,646,206,31,94,112,65,110,30,17,20,251,166.59999999999997
Keita Bates-Diop,SF,24,DEN,7,98,28,3,9,19,10,17,0,2,4,37,24.399999999999995
Nicolas Batum,SF,31,CHO,22,505,81,14,49,32,10,100,66,17,8,79,114.45
Aron Baynes,C,33,PHO,42,934,381,59,168,213,75,237,67,10,23,481,265.3
Kent Bazemore,SF-SG,30,TOT,68,1688,534,84,244,290,147,294,93,74,40,597,427.8499999999999
Kent Bazemore,SF,30,POR,43,1111,326,56,171,155,72,172,61,45,31,340,272.05000000000007
Kent Bazemore,SG,30,SAC,25,577,208,28,73,135,75,122,32,29,9,257,155.80000000000004
Darius Bazley,PF,19,OKC,61,1130,317,49,141,176,62,246,41,23,41,342,278.85
Bradley Beal,SG,26,WAS,57,2053,1303,170,481,822,457,242,347,71,23,1741,687.95
Malik Beasley,SG,23,TOT,55,1209,534,107,276,258,66,148,75,40,8,615,332.70000000000005
Malik Beasley,SG,23,DEN,41,746,301,58,161,140,38,77,48,31,6,325,197.55
Malik Beasley,SG,23,MIN,14,463,233,49,115,118,28,71,27,9,2,290,135.15000000000003
Marco Belinelli,SG,33,SAS,57,883,314,67,178,136,58,99,69,12,1,361,229.39999999999998
Jordan Bell,C-PF,25,TOT,29,256,67,4,12,55,31,81,16,3,10,93,68.95
Jordan Bell,C,25,MIN,27,235,60,2,9,51,29,78,14,2,10,83,63.10000000000001
Jordan Bell,PF,25,MEM,2,21,7,2,3,4,2,3,2,1,0,10,5.85
DeAndre' Bembry,SG,25,ATL,43,915,228,15,65,163,48,152,81,55,19,249,217.85
Dragan Bender,SF,22,TOT,16,286,92,15,43,49,14,73,28,4,9,107,76.35
Dragan Bender,SF,22,MIL,7,91,21,4,9,12,3,20,9,0,5,26,22.749999999999996
Dragan Bender,SF,22,GSW,9,195,71,11,34,37,11,53,19,4,4,81,53.6
Dāvis Bertāns,PF,27,WAS,54,1583,610,200,472,138,122,245,92,37,33,834,449.85
Patrick Beverley,PG,31,LAC,51,1342,341,80,206,135,47,266,183,54,25,405,339.95
Khem Birch,C,27,ORL,48,922,143,0,1,142,101,220,50,20,23,212,210.25
Goga Bitadze,C,20,IND,54,471,150,8,42,108,33,106,23,10,37,172,125.6
Bismack Biyombo,C,27,CHO,53,1029,278,0,0,278,151,308,50,10,49,393,264.75
Nemanja Bjelica,PF,31,SAC,72,2011,653,134,320,333,84,458,203,62,40,831,538.1
Eric Bledsoe,PG,30,MIL,61,1646,703,74,215,488,214,282,328,57,26,911,480.44999999999993
Bogdan Bogdanović,SG,27,SAC,61,1766,766,164,441,325,116,207,207,64,15,924,498.2999999999999
Bojan Bogdanović,SF,30,UTA,63,2083,935,189,457,478,277,259,131,34,7,1275,594.8499999999999
Bol Bol,SF,20,DEN,7,87,28,4,9,19,10,19,6,2,6,40,24.15
Jonah Bolden,PF,24,TOT,7,47,11,0,4,7,4,9,0,3,2,10,11.45
Jonah Bolden,PF,24,PHI,4,14,3,0,1,2,2,1,0,1,0,4,3.6
Jonah Bolden,PF,24,PHO,3,33,8,0,3,5,2,8,0,2,2,6,7.850000000000001
Marques Bolden,C,21,CLE,1,3,0,0,0,0,0,2,0,1,0,0,0.9
Jordan Bone,PG,22,DET,10,53,20,2,10,10,0,4,8,1,0,12,13.649999999999999
Isaac Bonga,SF,20,WAS,66,1250,234,25,71,163,85,222,76,45,22,330,288.9
Devin Booker,SG,23,PHO,70,2512,1283,141,398,885,509,297,456,49,18,1863,779.1999999999999
Chris Boucher,PF,27,TOR,62,819,299,38,118,181,116,277,26,22,61,411,242.3
Brian Bowen,SG,21,IND,6,31,10,0,2,8,0,7,0,0,1,6,7.549999999999999
Ky Bowman,PG,22,GSW,45,1015,321,33,107,214,41,121,131,44,10,335,249.85000000000002
Avery Bradley,SG,29,LAL,49,1186,383,63,173,210,24,115,63,43,5,423,285.45000000000005
Tony Bradley,C,22,UTA,58,663,189,3,3,186,46,267,23,14,33,285,182.55000000000007
Jarrell Brantley,PF,23,UTA,9,96,28,3,13,15,2,20,11,3,5,24,24.500000000000004
Ignas Brazdeikis,SF,21,NYK,9,53,22,1,9,13,5,5,4,0,1,17,13.899999999999997
Corey Brewer,SG,33,SAC,5,33,4,0,1,3,3,8,2,4,0,5,8
Mikal Bridges,SF,23,PHO,73,2042,484,70,194,290,122,292,129,102,46,667,487.84999999999997
Miles Bridges,SF,21,CHO,65,1995,753,99,300,453,131,362,114,40,48,843,518.8
Oshae Brissett,SF,21,TOR,19,135,36,3,15,21,10,26,7,4,1,37,33.95
Ryan Broekhoff,SG,29,DAL,17,180,59,20,51,8,8,43,11,5,4,71,50.849999999999994
Malcolm Brogdon,PG,27,IND,54,1666,744,75,230,514,186,262,381,35,10,893,481.6
Dillon Brooks,SG,24,MEM,73,2112,1068,147,411,657,203,243,150,63,27,1181,592.95
Bruce Brown,SG,23,DET,58,1634,447,33,96,351,119,274,230,63,29,517,401.49999999999994
Charlie Brown,SG,22,ATL,10,40,19,3,9,10,5,4,2,2,2,20,12.449999999999998
Jaylen Brown,SF,23,BOS,57,1934,887,129,338,549,243,364,118,65,20,1159,557.55
Moses Brown,C,20,POR,9,33,10,0,0,10,8,14,1,1,1,11,9.999999999999998
Sterling Brown,SF,24,MIL,52,767,256,44,136,120,40,183,51,29,7,266,202.45000000000002
Troy Brown Jr.,SG,20,WAS,69,1782,622,61,179,443,139,383,178,85,7,716,467.6500000000001
Jalen Brunson,PG,23,DAL,57,1022,388,43,120,268,75,134,188,22,4,466,276.70000000000005
Thomas Bryant,C,22,WAS,46,1147,418,37,91,327,116,331,83,25,49,609,323.6
Reggie Bullock,SG,28,NYK,29,684,224,37,111,113,21,68,42,25,3,234,165.65
Trey Burke,PG,27,TOT,33,520,209,32,75,134,29,50,83,16,2,243,141.2
Trey Burke,PG,27,PHI,25,329,127,16,38,89,18,35,53,7,1,147,88.15
Trey Burke,PG,27,DAL,8,191,82,16,37,45,11,15,30,9,1,96,53.05
Alec Burks,SG,28,TOT,66,1754,768,116,301,467,265,282,189,62,17,993,505.59999999999997
Alec Burks,SG,28,GSW,48,1390,601,84,224,377,224,226,151,50,17,773,398.25
Alec Burks,SG,28,PHI,18,364,167,32,77,90,41,56,38,12,0,220,107.35
Deonte Burton,SG,26,OKC,39,356,125,10,53,72,14,57,17,7,10,104,89.35000000000002
Jimmy Butler,SF,30,MIA,58,1959,758,29,119,639,525,386,350,103,32,1157,578.3499999999999
Bruno Caboclo,C,24,TOT,30,244,89,6,33,56,9,60,12,15,17,90,67.65
Bruno Caboclo,C,24,MEM,22,192,69,4,25,44,3,44,10,10,12,62,51.15
Bruno Caboclo,C,24,HOU,8,52,20,2,8,12,6,16,2,5,5,28,16.5
Devontae Cacok,C,23,LAL,1,9,6,0,0,6,0,5,1,0,0,6,3
Kentavious Caldwell-Pope,SG,26,LAL,69,1762,507,92,239,268,102,142,111,57,14,645,423.15000000000003
Vlatko Čančar,SF,22,DEN,14,45,15,1,6,9,4,10,3,1,1,17,13.4
Clint Capela,C,25,HOU,39,1279,388,0,0,388,104,537,48,33,72,543,345.6
DeMarre Carroll,SF-PF,33,TOT,24,290,66,8,33,33,42,55,25,8,5,87,72.94999999999999
DeMarre Carroll,SF,33,SAS,15,135,29,3,13,16,20,31,11,2,2,33,33.8
DeMarre Carroll,PF,33,HOU,9,155,37,5,20,17,22,24,14,6,3,54,39.15
Jevon Carter,PG,24,PHO,58,945,243,62,146,97,27,118,84,47,17,287,232.74999999999997
Vince Carter,SF,43,ATL,60,876,304,61,202,102,29,124,48,23,25,298,225.05
Wendell Carter Jr.,C,20,CHI,43,1256,343,6,29,314,152,405,51,33,36,484,322.55000000000007
Michael Carter-Williams,SG,28,ORL,45,833,260,22,75,185,95,147,109,49,22,323,220.39999999999998
Alex Caruso,PG,25,LAL,64,1175,291,40,120,171,94,123,124,70,18,349,283.5
Willie Cauley-Stein,C,26,TOT,54,1097,302,0,1,301,66,315,70,49,61,390,279.59999999999997
Willie Cauley-Stein,C,26,GSW,41,940,257,0,0,257,57,255,60,45,50,323,236.15
Willie Cauley-Stein,C,26,DAL,13,157,45,0,1,44,9,60,10,4,11,67,43.45
Tyson Chandler,C,37,HOU,26,219,18,0,0,18,13,66,6,6,8,34,50.3
Wilson Chandler,SF,32,BRK,35,734,183,37,121,62,23,145,39,16,12,205,177.1
Joe Chealey,PG,24,CHO,4,33,7,0,4,3,2,0,1,4,0,2,6.8999999999999995
Zylan Cheatham,SF,24,NOP,4,51,9,0,1,8,0,9,3,1,1,12,11.350000000000001
Chris Chiozza,PG,24,TOT,28,401,140,27,72,68,5,53,83,21,4,142,108.19999999999999
Chris Chiozza,PG,24,WAS,10,123,34,7,16,18,0,15,28,10,2,27,31.349999999999998
Chris Chiozza,PG,24,BRK,18,278,106,20,56,50,5,38,55,11,2,115,76.85
Marquese Chriss,PF,22,GSW,59,1196,385,8,39,346,156,365,114,39,62,548,330.84999999999997
Gary Clark,PF,25,TOT,42,567,133,39,111,22,10,110,17,6,22,156,139.05
Gary Clark,PF,25,HOU,18,212,59,18,51,8,7,40,12,2,7,70,55.25000000000001
Gary Clark,PF,25,ORL,24,355,74,21,60,14,3,70,5,4,15,86,83.80000000000001
Brandon Clarke,PF,23,MEM,58,1300,479,23,64,415,112,345,81,32,48,700,359.35
Jordan Clarkson,SG,27,TOT,71,1705,867,152,413,454,165,187,136,46,16,1078,500.15000000000003
Jordan Clarkson,SG,27,CLE,29,666,326,59,159,167,86,69,70,17,8,423,197.4
Jordan Clarkson,SG,27,UTA,42,1039,541,93,254,287,79,118,66,29,8,655,302.75
Nicolas Claxton,PF,20,BRK,15,187,48,1,7,41,21,44,16,1,8,66,47.7
Chris Clemons,SG,22,HOU,33,291,142,37,107,35,11,30,27,9,6,161,88.6
Antonius Cleveland,SG,25,DAL,11,46,14,0,3,11,5,7,1,1,3,11,11.949999999999998
Amir Coffey,SG,22,LAC,18,159,54,6,19,35,11,16,14,5,2,58,40.85
John Collins,PF,22,ATL,41,1363,605,59,147,458,150,416,60,31,66,885,407.40000000000003
Zach Collins,PF,22,POR,11,290,68,7,19,49,8,69,16,5,5,77,67.80000000000001
Mike Conley,PG,32,UTA,47,1363,567,96,256,311,139,151,208,36,5,675,376.70000000000005
Pat Connaughton,SG,27,MIL,67,1243,301,55,166,135,40,284,107,25,31,360,308.05000000000007
Quinn Cook,PG,26,LAL,44,508,214,31,85,129,14,51,49,12,2,224,135.35
Tyler Cook,PF,22,TOT,13,54,12,0,0,12,8,14,1,3,0,23,15.15
Tyler Cook,PF,22,CLE,11,35,10,0,0,10,6,10,1,1,0,19,10.8
Tyler Cook,PF,22,DEN,2,19,2,0,0,2,2,4,0,2,0,4,4.35
Robert Covington,PF-C,29,TOT,70,2137,723,161,480,243,124,463,88,115,93,870,576.4000000000001
Robert Covington,PF,29,MIN,48,1411,496,108,312,184,94,287,56,80,45,615,383.05000000000007
Robert Covington,C,29,HOU,22,726,227,53,168,59,30,176,32,35,48,255,193.35
Allen Crabbe,SG,27,TOT,37,653,177,36,119,58,14,77,33,15,4,172,152.7
Allen Crabbe,SG,27,ATL,28,522,143,30,93,50,12,65,28,15,4,143,123.4
Allen Crabbe,SG,27,MIN,9,131,34,6,26,8,2,12,5,0,0,29,29.300000000000004
Torrey Craig,SF,29,DEN,58,1072,269,45,138,131,36,189,47,23,36,315,257.15
Jamal Crawford,SG,39,BRK,1,6,4,1,2,2,0,0,3,0,0,5,2.25
Jae Crowder,SF,29,TOT,65,1875,563,135,394,169,125,384,161,72,24,684,491.0999999999999
Jae Crowder,SF,29,MEM,45,1322,399,78,266,133,95,277,125,47,14,447,341.84999999999997
Jae Crowder,SF,29,MIA,20,553,164,57,128,36,30,107,36,25,10,237,149.25
Jarrett Culver,SG,20,MIN,63,1506,569,66,221,348,117,212,110,57,38,580,387.00000000000006
Seth Curry,SG,29,DAL,64,1576,574,145,321,253,97,145,124,38,9,793,421
Stephen Curry,PG,31,GSW,5,139,82,12,49,33,26,26,33,5,2,104,47.65
Troy Daniels,SG,28,TOT,47,532,186,46,132,54,16,52,17,11,3,200,136.45
Troy Daniels,SG,28,LAL,41,456,158,40,112,46,16,46,14,8,3,174,117.35
Troy Daniels,SG,28,DEN,6,76,28,6,20,8,0,6,3,3,0,26,19.100000000000005
Anthony Davis,PF,26,LAL,62,2131,1096,72,218,878,525,577,200,91,143,1618,691
Ed Davis,C,30,UTA,28,303,46,0,0,46,14,105,12,11,9,51,71.45
Terence Davis,SG,22,TOR,72,1209,436,94,242,194,59,237,115,39,14,543,333.19999999999993
Dewayne Dedmon,C,30,TOT,44,774,255,22,107,148,36,249,22,25,41,256,204.09999999999997
Dewayne Dedmon,C,30,SAC,34,541,171,14,71,100,28,167,15,15,26,175,140.95
Dewayne Dedmon,C,30,ATL,10,233,84,8,36,48,8,82,7,10,15,81,63.15
Matthew Dellavedova,PG,29,CLE,57,821,175,21,91,84,37,75,180,20,2,177,194.34999999999997
DeMar DeRozan,SF,30,SAS,68,2316,1049,9,35,1014,451,375,380,70,20,1504,670.1499999999999
Cheick Diallo,C,23,PHO,47,479,142,1,3,139,39,131,22,11,12,219,127.7
Hamidou Diallo,SF,21,OKC,46,896,296,16,57,239,63,167,36,37,9,318,220.4
Gorgui Dieng,C,30,TOT,63,1096,364,54,152,212,101,354,73,51,59,464,310.2
Gorgui Dieng,C,30,MIN,46,778,277,46,120,157,59,256,58,37,42,341,224.39999999999995
Gorgui Dieng,C,30,MEM,17,318,87,8,32,55,42,98,15,14,17,123,85.79999999999998
Spencer Dinwiddie,SG,26,BRK,64,1994,1021,123,400,621,446,221,432,40,21,1318,617.55
Donte DiVincenzo,SG,23,MIL,66,1520,510,83,247,263,86,318,154,85,20,610,407.05
Luka Dončić,PG,20,DAL,61,2047,1255,171,541,714,562,573,538,62,14,1759,745.8000000000001
Luguentz Dort,SG,20,OKC,36,820,218,30,101,117,53,81,27,31,4,244,188.70000000000002
Damyean Dotson,SG,25,NYK,48,836,290,59,163,127,33,91,57,23,4,321,212.4
Sekou Doumbouya,SF,19,DET,38,754,236,28,98,138,46,118,19,20,8,243,181.40000000000006
PJ Dozier,PG,23,DEN,29,412,157,17,49,108,29,55,63,14,6,168,110.19999999999999
Goran Dragić,PG,33,MIA,59,1663,724,124,338,386,246,187,301,40,10,953,485.2
Andre Drummond,C,26,TOT,57,1879,784,5,35,749,294,864,152,109,93,1010,569.35
Andre Drummond,C,26,DET,49,1654,679,1,21,658,255,775,138,97,82,870,499.5
Andre Drummond,C,26,CLE,8,225,105,4,14,91,39,89,14,12,11,140,69.85000000000001
Jared Dudley,SF,34,LAL,45,364,60,18,42,18,2,52,28,15,3,68,84.94999999999997
Kris Dunn,PG,25,CHI,51,1269,342,29,112,230,54,186,173,101,17,373,311.29999999999995
Carsen Edwards,SG,21,BOS,37,351,128,24,76,52,19,47,24,12,4,121,92.55000000000003
Henry Ellenson,PF,23,BRK,5,15,7,0,4,3,0,6,1,0,0,2,4.45
Wayne Ellington,SG,32,NYK,36,558,174,50,143,31,13,65,44,13,4,183,141.50000000000003
Joel Embiid,C,25,PHI,51,1506,801,57,172,629,435,593,152,45,65,1172,512.35
James Ennis,SF,29,TOT,69,1265,359,55,169,190,98,245,63,35,22,454,318.79999999999995
James Ennis,SF,29,PHI,49,776,226,37,106,120,61,150,41,23,14,285,198.4
James Ennis,SF,29,ORL,20,489,133,18,63,70,37,95,22,12,8,169,120.4
Drew Eubanks,PF,22,SAS,22,272,67,1,1,66,26,85,15,5,17,107,71.79999999999998
Jacob Evans,SG,22,TOT,29,418,134,13,39,95,29,41,31,11,12,128,100.74999999999999
Jacob Evans,SG,22,GSW,27,414,133,13,38,95,29,41,31,11,12,128,99.74999999999999
Jacob Evans,SG,22,MIN,2,4,1,0,1,0,0,0,0,0,0,0,1
Dante Exum,SG,24,TOT,35,485,119,15,43,76,43,67,40,13,8,159,118.45000000000002
Dante Exum,SG,24,UTA,11,83,23,2,6,17,2,12,7,1,2,24,20.45
Dante Exum,SG,24,CLE,24,402,96,13,37,59,41,55,33,12,6,135,97.99999999999999
Tacko Fall,C,24,BOS,7,33,14,0,0,14,3,15,1,1,4,23,11.25
Derrick Favors,C,28,NOP,51,1243,339,1,7,332,71,501,81,30,46,459,326.75000000000006
Cristiano Felício,PF,27,CHI,22,386,54,0,2,52,23,102,16,10,2,86,86.74999999999999
Terrance Ferguson,SF,21,OKC,56,1257,220,49,168,52,20,74,51,27,17,220,261.15
Bruno Fernando,C,21,ATL,56,713,199,5,37,162,51,198,49,18,17,240,182.40000000000003
Yogi Ferrell,PG,26,SAC,50,530,188,24,79,109,42,49,69,18,4,218,140.65000000000003
Dorian Finney-Smith,PF,26,DAL,71,2120,522,114,303,219,108,405,114,45,39,678,514.8
Bryn Forbes,SG,26,SAS,63,1579,581,148,381,200,90,126,108,33,0,707,411.1
Evan Fournier,SG,27,ORL,66,2076,929,173,434,495,220,171,209,71,15,1221,586.4499999999999
De'Aaron Fox,PG,22,SAC,51,1634,815,54,185,630,342,196,348,74,25,1077,497.25
Melvin Frazier,SG,23,ORL,19,126,34,8,16,18,4,10,3,9,2,40,31.65
Michael Frazier,SG,25,HOU,13,145,29,4,23,6,14,10,2,2,0,27,31.499999999999993
Tim Frazier,PG,29,DET,27,355,94,10,30,64,24,33,93,14,4,97,89.80000000000001
Markelle Fultz,PG,21,ORL,72,1996,772,36,135,637,159,238,369,90,11,870,524.9000000000001
Wenyen Gabriel,PF,22,TOT,30,235,48,6,20,28,22,52,8,11,7,63,58.95
Wenyen Gabriel,PF,22,SAC,11,61,17,1,8,9,10,10,3,3,2,19,16.35
Wenyen Gabriel,PF,22,POR,19,174,31,5,12,19,12,42,5,8,5,44,42.6
Daniel Gafford,C,21,CHI,43,609,134,0,0,134,60,106,21,13,56,220,149.09999999999997
Danilo Gallinari,PF,31,OKC,62,1834,817,178,439,378,298,322,119,42,5,1160,544.6999999999999
Langston Galloway,SG,28,DET,66,1702,542,132,331,211,85,149,101,48,11,677,424.90000000000003
Darius Garland,PG,20,CLE,59,1824,699,105,296,403,72,111,229,42,4,728,457.7
Marc Gasol,C,35,TOR,44,1161,279,57,148,131,49,275,147,34,38,331,292.75
Rudy Gay,PF,33,SAS,67,1461,596,74,220,376,136,362,114,35,33,726,411.2
Paul George,SF,29,LAC,48,1419,782,157,381,401,217,272,185,68,20,1033,462.55
Taj Gibson,C,34,NYK,62,1025,286,4,14,272,56,267,52,27,30,379,256.75
Harry Giles,PF,21,SAC,46,667,251,0,2,249,49,188,60,22,18,316,182.45
Shai Gilgeous-Alexander,SG,21,OKC,70,2428,1015,87,251,764,357,412,232,79,47,1331,674.6500000000001
Rudy Gobert,C,27,UTA,68,2333,557,0,0,557,403,916,101,51,135,1026,631.0500000000001
Brandon Goodwin,PG,24,ATL,34,430,190,26,87,103,30,72,51,12,4,206,122.04999999999998
Aaron Gordon,PF,24,ORL,62,2017,767,73,237,530,224,475,228,51,39,894,549.2500000000001
Eric Gordon,SF,31,HOU,36,1016,463,96,303,160,107,71,54,23,13,520,279.1500000000001
Devonte' Graham,PG,24,CHO,63,2211,963,218,585,378,233,212,471,62,15,1145,642.4499999999999
Treveon Graham,SG,26,TOT,55,929,242,33,120,122,56,150,45,24,6,243,218.60000000000002
Treveon Graham,SG,26,MIN,33,663,175,20,83,92,37,100,30,17,2,171,153.14999999999998
Treveon Graham,SG,26,ATL,22,266,67,13,37,30,19,50,15,7,4,72,65.45
Jerami Grant,PF,25,DEN,71,1892,634,98,252,382,196,248,88,50,57,851,487.75000000000006
Jerian Grant,PG,27,WAS,6,80,27,2,8,19,7,6,9,1,1,27,19.6
Josh Gray,PG,26,NOP,2,23,2,0,0,2,0,2,2,0,0,2,4.45
Danny Green,SG,32,LAL,68,1687,474,120,327,147,48,225,91,85,32,547,415.7
Draymond Green,PF,29,GSW,43,1222,316,36,129,187,83,266,266,59,33,345,316.65
JaMychal Green,PF,29,LAC,63,1307,352,92,238,114,48,388,49,29,24,430,338.59999999999985
Javonte Green,SF,26,BOS,48,468,126,9,33,93,42,93,26,24,8,163,119.75
Jeff Green,PF-C,33,TOT,48,960,344,62,183,161,91,133,50,26,19,453,256.4
Jeff Green,PF,33,UTA,30,553,195,34,104,91,63,81,20,12,10,233,144.55
Jeff Green,C,33,HOU,18,407,149,28,79,70,28,52,30,14,9,220,111.85000000000002
Blake Griffin,PF,30,DET,18,512,250,27,111,139,98,84,59,7,7,279,148.75
Marko Guduric,SG,24,MEM,44,484,157,25,83,74,26,73,45,12,8,173,126.09999999999998
Kyle Guy,SG,22,SAC,3,10,5,0,3,2,0,1,1,0,0,4,2.95
Rui Hachimura,PF,21,WAS,48,1444,545,25,87,458,140,294,87,37,8,649,372.4
Devon Hall,SG,24,OKC,11,81,30,4,17,13,8,7,13,4,1,20,21.45
Donta Hall,PF,22,TOT,9,133,22,0,0,22,18,38,4,3,6,39,32.300000000000004
Donta Hall,PF,22,DET,4,48,4,0,0,4,6,15,2,1,1,6,10.799999999999999
Donta Hall,PF,22,BRK,5,85,18,0,0,18,12,23,2,2,5,33,21.5
Dusty Hannahs,SG,26,MEM,2,13,9,2,3,6,2,1,0,0,0,12,4.45
Tim Hardaway Jr.,SG,27,DAL,71,2091,884,204,513,371,182,232,137,41,5,1121,577.2499999999999
James Harden,SG,30,HOU,68,2483,1514,299,843,671,800,446,512,125,60,2335,918.2
Maurice Harkless,SF,26,TOT,62,1427,283,34,98,185,66,240,68,58,33,357,324.7
Maurice Harkless,SF,26,LAC,50,1141,217,27,73,144,42,200,48,49,30,275,258.15000000000003
Maurice Harkless,SF,26,NYK,12,286,66,7,25,41,24,40,20,9,3,82,66.55
Jared Harper,PG,22,PHO,3,8,4,0,2,2,0,0,0,0,0,2,2.15
Montrezl Harrell,C,26,LAC,63,1749,812,0,18,794,351,445,107,39,72,1173,514.4499999999999
Gary Harris,SG,25,DEN,56,1780,519,70,210,309,92,163,118,76,14,581,418.65000000000003
Joe Harris,SF,28,BRK,69,2123,784,172,406,378,89,298,144,41,17,998,559.7500000000001
Tobias Harris,PF,27,PHI,72,2469,1173,131,357,816,216,495,227,53,40,1411,704.15
Shaquille Harrison,SF,26,CHI,43,484,165,16,42,123,50,86,49,34,19,209,133.2
Josh Hart,SF,24,NOP,65,1755,532,121,354,178,115,425,108,63,23,656,462.6500000000001
Isaiah Hartenstein,C,21,HOU,23,266,67,0,5,62,28,90,18,9,12,107,71.95
Udonis Haslem,PF,39,MIA,4,44,11,1,3,8,4,16,1,0,0,12,11.1
Jaxson Hayes,C,19,NOP,64,1080,259,1,4,255,190,259,56,26,55,472,281.15
Gordon Hayward,SF,29,BOS,52,1740,700,85,222,478,145,348,212,38,22,909,483.55000000000007
John Henson,PF,29,TOT,40,600,171,8,36,135,46,162,54,24,42,221,159.75
John Henson,PF,29,CLE,29,412,120,6,31,89,33,114,43,16,32,145,110.94999999999999
John Henson,PF,29,DET,11,188,51,2,5,46,13,48,11,8,10,76,48.800000000000004
Dewan Hernandez,C,23,TOR,6,28,14,1,2,12,5,14,3,1,0,14,9.45
Juan Hernangómez,PF,24,TOT,48,833,247,44,129,118,71,197,40,19,9,288,214.20000000000002
Juan Hernangómez,PF,24,DEN,34,422,110,15,60,50,25,95,22,5,5,107,103.05
Juan Hernangómez,PF,24,MIN,14,411,137,29,69,68,46,102,18,14,4,181,111.15000000000002
Willy Hernangómez,C,25,CHO,31,375,139,5,22,117,59,134,29,10,7,190,109.4
Tyler Herro,SG,20,MIA,55,1508,631,116,298,333,100,224,121,34,9,743,410.59999999999997
Kevin Hervey,PF,23,OKC,10,52,27,3,20,7,0,12,5,1,1,17,15.55
Mario Hezonja,PF,24,POR,53,871,218,24,78,140,59,184,50,36,9,256,212.25
Buddy Hield,SG,27,SAC,72,2216,1162,271,688,474,136,328,213,66,17,1382,670.2
George Hill,PG,33,MIL,59,1271,376,81,176,200,101,177,180,47,5,554,336.55
Solomon Hill,SF,28,TOT,59,1088,278,63,171,107,54,165,104,43,12,323,268.2
Solomon Hill,SF,28,MEM,48,901,233,56,147,86,38,144,94,31,7,274,223.85
Solomon Hill,SF,28,MIA,11,187,45,7,24,21,16,21,10,12,5,49,44.35
Jaylen Hoard,SF,20,POR,13,103,32,0,3,29,13,32,4,5,0,38,27.699999999999996
Aaron Holiday,PG,23,IND,66,1617,563,87,221,342,87,156,225,55,16,627,412.6
Jrue Holiday,SG,29,NOP,61,2117,1006,122,346,660,182,293,408,99,48,1167,617.1000000000001
Justin Holiday,SG,30,IND,73,1826,486,134,331,155,67,238,93,87,46,603,449.15000000000003
Rondae Hollis-Jefferson,SF,25,TOR,60,1122,329,3,23,306,143,283,106,46,23,418,289.95
Richaun Holmes,C,26,SAC,44,1242,344,0,0,344,118,358,42,41,56,539,319.5999999999999
Rodney Hood,SF,27,POR,21,619,172,35,71,101,27,72,32,17,4,230,148.5
Al Horford,C,33,PHI,67,2025,709,99,283,426,80,456,270,52,61,798,541
Talen Horton-Tucker,SG,19,LAL,6,81,30,4,13,17,4,7,6,8,1,34,21.400000000000002
Danuel House,SF,26,HOU,63,1913,539,129,355,184,90,267,85,67,34,662,469.9999999999999
Dwight Howard,C,34,LAL,69,1306,277,3,5,272,214,507,45,31,79,517,349.25
William Howard,PF,26,HOU,2,13,4,0,4,0,0,2,1,0,0,0,2.9500000000000006
Kevin Huerter,SG,21,ATL,56,1760,610,127,334,276,64,228,213,51,27,684,455.79999999999995
De'Andre Hunter,SF,22,ATL,63,2018,683,108,304,379,144,286,112,44,18,778,503.29999999999995
Chandler Hutchison,SF,23,CHI,28,527,175,12,38,137,78,108,26,27,7,218,137.6
Serge Ibaka,C,30,TOR,55,1485,670,70,182,488,124,452,77,28,46,845,431.6
Andre Iguodala,SG,36,MIA,21,418,88,14,47,41,15,78,51,14,21,96,100.75
Ersan İlyasova,PF,32,MIL,63,986,313,50,137,176,87,302,49,24,17,414,269.8
Joe Ingles,SF,32,UTA,72,2137,553,141,353,200,94,278,373,65,11,707,538.8500000000001
Brandon Ingram,PF,22,NOP,62,2104,1096,150,384,712,368,380,259,61,38,1477,653.8
Kyrie Irving,PG,27,BRK,20,658,416,56,142,274,102,103,128,27,10,548,221.9
Jonathan Isaac,SF,22,ORL,34,980,332,32,94,238,77,231,48,53,78,404,261.85
Wesley Iwundu,SF,25,ORL,52,953,233,28,82,151,97,131,60,25,13,300,227.05
Frank Jackson,PG,21,NOP,59,797,331,47,144,187,75,83,61,17,4,371,214.2
Jaren Jackson Jr.,C,20,MEM,57,1622,753,145,368,385,186,262,78,40,92,990,477.9
Josh Jackson,SG,22,MEM,22,381,159,23,72,87,50,66,35,18,9,198,109.39999999999998
Justin Jackson,PF,24,DAL,65,1045,341,48,163,178,50,154,52,15,10,360,258.1
Reggie Jackson,PG,29,TOT,31,743,326,57,145,181,54,92,126,13,5,370,208.64999999999998
Reggie Jackson,PG,29,DET,14,381,198,31,82,116,33,41,72,8,1,209,111.1
Reggie Jackson,PG,29,LAC,17,362,128,26,63,65,21,51,54,5,4,161,97.55
Justin James,SG,23,SAC,36,232,84,9,29,55,21,32,18,6,9,89,63.199999999999996
LeBron James,PG,35,LAL,67,2316,1303,148,425,878,381,525,684,78,36,1698,779.8
Amile Jefferson,PF,26,ORL,18,74,14,0,0,14,14,23,4,1,3,15,19.799999999999997
DaQuan Jeffries,SG,22,SAC,13,141,40,5,18,22,6,18,7,4,1,50,34.8
Ty Jerome,PG,22,PHO,31,328,113,14,50,63,16,46,44,15,3,102,85.2
Alize Johnson,SF,23,IND,17,118,29,3,8,21,10,48,7,3,2,34,32.3
B.J. Johnson,SF,24,ORL,10,83,32,3,9,23,10,15,3,3,0,30,21.9
Cameron Johnson,PF,23,PHO,57,1255,405,106,272,133,57,187,69,36,20,504,325.70000000000005
James Johnson,PF,32,TOT,32,619,215,33,91,124,48,118,74,25,32,270,170.54999999999998
James Johnson,PF,32,MIA,18,281,87,16,45,42,14,52,21,6,13,102,73.15
James Johnson,PF,32,MIN,14,338,128,17,46,82,34,66,53,19,19,168,97.4
Keldon Johnson,SF,20,SAS,17,301,89,13,22,67,44,57,15,14,2,154,80.95
Stanley Johnson,PF,23,TOR,25,150,59,7,24,35,16,37,20,6,4,60,44.6
Tyler Johnson,SG,27,TOT,39,709,250,38,119,131,50,76,74,16,9,274,181.85
Tyler Johnson,SG,27,PHO,31,515,171,24,83,88,32,52,50,12,8,178,128.60000000000002
Tyler Johnson,SG,27,BRK,8,194,79,14,36,43,18,24,24,4,1,96,53.24999999999999
Nikola Jokić,C,24,DEN,73,2336,1071,80,255,816,301,711,512,85,44,1456,731.5
Damian Jones,C,24,ATL,55,887,178,2,9,169,84,206,35,26,40,306,216.34999999999994
Derrick Jones Jr.,SF,22,MIA,59,1375,349,37,132,217,123,233,62,58,38,500,338.09999999999997
Tyus Jones,PG,23,MEM,65,1232,429,47,124,305,58,103,285,59,6,484,323.49999999999994
DeAndre Jordan,C,31,BRK,56,1234,287,0,0,287,122,561,105,18,52,465,334.05
Cory Joseph,PG,28,SAC,72,1759,412,56,159,253,70,188,251,53,21,458,409.4000000000001
Mfiondu Kabengele,C,22,LAC,12,64,32,9,20,12,5,11,2,2,2,42,21.049999999999994
Frank Kaminsky,C,26,PHO,39,777,307,41,124,183,90,176,75,14,10,378,217.85
Enes Kanter,C,27,BOS,58,983,348,1,7,341,99,431,56,22,41,469,280.84999999999997
Luke Kennard,SG,23,DET,28,922,342,73,183,159,75,98,115,12,6,442,247.09999999999997
Stanton Kidd,SF,27,UTA,4,15,3,0,1,2,0,3,1,0,0,0,3.4499999999999997
Michael Kidd-Gilchrist,SF-PF,26,TOT,25,281,66,5,20,46,14,67,14,2,6,60,66.3
Michael Kidd-Gilchrist,PF,26,CHO,12,160,53,5,17,36,9,35,10,0,3,48,39.85000000000001
Michael Kidd-Gilchrist,SF,26,DAL,13,121,13,0,3,10,5,32,4,2,3,12,26.449999999999992
Louis King,SF,20,DET,10,62,21,4,11,10,3,10,5,2,0,20,16.65
Maxi Kleber,C,28,DAL,74,1890,514,119,319,195,93,388,88,25,83,672,478.4
Brandon Knight,PG,28,TOT,25,462,167,45,131,36,34,41,69,10,3,183,124.74999999999999
Brandon Knight,PG,28,CLE,16,241,86,19,64,22,13,20,31,5,2,79,62.3
Brandon Knight,PG,28,DET,9,221,81,26,67,14,21,21,38,5,1,104,62.449999999999996
Kevin Knox,SF,20,NYK,65,1166,401,65,199,202,101,184,61,23,28,419,297.70000000000005
John Konchar,SG,23,MEM,19,181,37,5,10,27,2,47,22,7,3,54,46.25000000000001
Furkan Korkmaz,SG,22,PHI,72,1559,563,143,356,207,102,168,79,41,16,704,410.8000000000001
Luke Kornet,C,24,CHI,36,559,187,31,108,79,28,84,32,11,26,215,145.3
Kyle Korver,SF,38,MIL,58,960,293,99,237,56,41,122,68,26,12,386,252.54999999999998
Rodions Kurucs,PF,21,BRK,47,684,177,33,90,87,38,137,51,25,5,215,171.5
Kyle Kuzma,PF,24,LAL,61,1526,668,86,272,396,155,273,80,28,26,782,420.30000000000007
Skal Labissière,C,23,POR,33,567,147,3,13,134,33,169,42,7,31,190,143.85000000000002
Jeremy Lamb,SG,27,IND,46,1291,479,53,158,321,110,200,96,55,22,577,338.2
Romeo Langford,SG,20,BOS,32,370,80,5,27,53,25,41,13,8,8,79,82.29999999999998
Zach LaVine,SG,24,CHI,60,2085,1199,184,484,715,334,289,254,88,28,1530,659.9
Vic Law,SF,24,ORL,8,62,18,1,7,11,6,11,3,2,0,15,15.249999999999998
Jake Layman,PF,25,MIN,23,505,179,24,72,107,32,57,15,17,10,210,126.65
T.J. Leaf,PF,22,IND,28,222,86,5,18,68,16,71,9,10,4,84,61.79999999999999
Jalen Lecque,PG,19,PHO,5,32,10,0,4,6,2,2,2,0,0,10,7.75
Courtney Lee,SG,34,DAL,24,345,82,21,47,35,7,32,12,18,6,107,81.74999999999999
Damion Lee,SG,27,GSW,49,1423,511,85,239,272,126,239,133,50,6,621,378.00000000000006
Alex Len,C,26,TOT,55,970,319,16,59,260,105,321,50,23,48,438,267.5
Alex Len,C,26,ATL,40,745,260,14,56,204,81,230,42,20,33,349,206.40000000000003
Alex Len,C,26,SAC,15,225,59,2,3,56,24,91,8,3,15,89,61.1
Kawhi Leonard,SF,28,LAC,57,1848,1133,123,325,808,402,402,280,103,33,1543,627.15
Meyers Leonard,C,27,MIA,51,1034,234,53,128,106,28,260,55,14,15,309,252.85000000000002
Caris LeVert,SG,25,BRK,45,1330,732,80,220,512,197,189,199,53,10,842,401
Damian Lillard,PG,29,POR,66,2474,1349,270,674,675,518,284,530,70,22,1978,823.4499999999999
Nassir Little,PF,19,POR,48,573,151,14,59,92,44,108,22,13,14,172,140.15
Kevon Looney,C,23,GSW,20,262,79,1,14,65,12,66,20,12,6,68,64.85
Brook Lopez,C,31,MIL,68,1817,671,102,325,346,152,312,99,46,163,813,493.65000000000003
Robin Lopez,C,31,MIL,66,958,299,35,105,194,53,161,45,10,45,357,241.74999999999997
Kevin Love,PF,31,CLE,56,1780,727,146,390,337,219,547,178,33,19,987,533.2
Kyle Lowry,PG,33,TOR,58,2098,803,164,466,337,343,292,433,82,26,1126,616.3
Timothé Luwawu-Cabarrot,SG,24,BRK,47,853,269,62,160,109,81,127,29,18,7,365,221.29999999999998
Trey Lyles,PF,24,SAS,63,1271,343,65,168,175,45,361,69,28,28,404,323.4
Daryl Macon,SG,24,MIA,4,14,3,1,2,1,0,0,1,0,0,3,3.4500000000000006
J.P. Macura,SG,24,CLE,1,1,0,0,0,0,0,0,0,0,0,0,0.3
Josh Magette,PG,30,ORL,8,38,15,1,4,11,2,6,5,3,1,12,10.75
Ian Mahinmi,C,33,WAS,38,808,210,5,26,184,113,218,49,31,44,283,207.35000000000002
Thon Maker,C,22,DET,60,776,193,22,64,129,110,167,43,25,39,281,201.44999999999996
Terance Mann,SG,23,LAC,41,362,79,7,20,59,27,55,53,11,5,99,89.74999999999999
Boban Marjanović,C,31,DAL,44,422,211,4,17,194,57,197,20,8,10,289,136.95
Lauri Markkanen,PF,22,CHI,50,1492,591,109,317,274,153,313,74,42,23,737,414.1499999999999
Caleb Martin,SF,24,CHO,18,317,84,20,37,47,21,38,23,12,7,111,78.45
Cody Martin,SF,24,CHO,48,903,207,18,77,130,65,158,95,39,9,238,215.8
Jeremiah Martin,PG,23,BRK,9,99,53,5,18,35,14,10,18,7,2,64,31.05
Kelan Martin,SF,24,MIN,31,495,181,25,96,85,31,96,23,7,9,197,130.00000000000003
Frank Mason III,PG,25,MIL,9,118,51,6,21,30,17,19,29,5,1,62,35.70000000000001
Garrison Mathews,SG,23,WAS,18,227,56,19,46,10,34,24,10,8,1,98,59.54999999999999
Wesley Matthews,SG,33,MIL,67,1635,422,108,297,125,68,166,92,38,9,494,385.3500000000001
Luc Mbah a Moute,PF,33,HOU,3,25,5,0,2,3,2,2,0,2,0,5,5.55
Patrick McCaw,SF,24,TOR,37,908,162,23,71,91,18,86,79,39,4,170,194.40000000000003
CJ McCollum,SG,28,POR,70,2556,1356,194,512,844,185,297,310,54,42,1556,741.85
T.J. McConnell,PG,27,IND,71,1326,411,5,17,394,42,189,355,56,11,464,341.05000000000007
Jalen McDaniels,PF,22,CHO,16,293,70,9,24,46,17,65,13,8,3,89,70.6
Doug McDermott,PF,28,IND,69,1372,547,128,294,253,58,174,78,12,5,710,371.79999999999995
JaVale McGee,C,32,LAL,68,1130,306,3,6,300,82,390,37,36,94,446,300.00000000000006
Rodney McGruder,SG,28,LAC,56,871,181,24,89,92,34,151,36,26,8,187,197.45
Alfonzo McKinnie,SF,27,CLE,40,593,171,14,65,106,31,113,14,23,8,182,143.70000000000002
Jordan McLaughlin,PG,23,MIN,30,590,178,29,76,102,39,49,125,34,4,229,154.65
Ben McLemore,SG,26,HOU,71,1619,545,181,452,93,67,157,58,45,16,715,423.9000000000001
Jordan McRae,SG,28,TOT,37,784,366,45,126,240,109,124,93,21,16,426,225.7
Jordan McRae,SG,28,WAS,29,654,317,40,106,211,83,104,82,19,15,370,190.75
Jordan McRae,SG,28,DEN,4,32,6,2,4,2,4,5,4,2,1,9,8.399999999999999
Jordan McRae,SG,28,DET,4,98,43,3,16,27,22,15,7,0,0,47,26.55
Nicolò Melli,C,29,NOP,60,1042,323,69,206,117,73,180,82,34,23,395,273.69999999999993
De'Anthony Melton,PG,21,MEM,60,1167,401,40,140,261,121,220,175,77,20,455,315.85
Chimezie Metu,PF,22,SAS,18,105,42,0,2,40,13,33,10,3,6,58,32.300000000000004
Khris Middleton,SF,28,MIL,62,1853,947,147,354,593,227,382,265,53,7,1297,578.7500000000001
Eric Mika,PF,25,SAC,1,19,3,0,0,3,2,7,0,0,0,6,4.55
C.J. Miles,SG,32,WAS,10,161,59,11,35,24,20,12,12,10,4,64,42.65
Malcolm Miller,SF,26,TOR,28,162,29,8,22,7,8,16,11,5,2,35,39.15
Patty Mills,PG,31,SAS,66,1485,598,154,403,195,112,108,118,53,6,767,408.90000000000003
Paul Millsap,PF,34,DEN,51,1240,438,54,124,314,141,293,83,44,30,591,338.3
Shake Milton,SG,23,PHI,40,805,277,58,135,142,65,88,104,20,7,377,216
Donovan Mitchell,SG,23,UTA,69,2364,1342,173,473,869,322,304,294,70,14,1655,722.8
Naz Mitrou-Long,SG,26,IND,5,47,17,2,12,5,0,7,8,1,1,14,12.549999999999999
Adam Mokoka,SG,21,CHI,11,112,28,6,15,13,4,10,4,4,0,32,26.399999999999995
Malik Monk,SG,21,CHO,55,1169,488,58,204,284,100,157,114,25,16,564,316.59999999999997
Matt Mooney,SG,22,CLE,4,19,4,0,2,2,0,3,1,2,1,2,4.6499999999999995
E'Twaun Moore,SG,30,NOP,56,1020,437,63,167,270,45,131,78,32,11,466,271.95
Ja Morant,PG,20,MEM,67,2074,937,60,179,758,308,259,488,58,18,1193,599.9499999999999
Juwan Morgan,PF,22,UTA,21,134,26,3,8,18,4,29,6,1,2,36,32.849999999999994
Marcus Morris,SF-PF,30,TOT,62,1936,810,142,348,462,220,311,86,47,30,1033,533.5
Marcus Morris,SF,30,NYK,43,1387,636,116,264,372,198,233,59,34,17,841,399.3999999999999
Marcus Morris,PF,30,LAC,19,549,174,26,84,90,22,78,27,13,13,192,134.09999999999997
Markieff Morris,PF,30,TOT,58,1187,458,88,228,230,85,218,77,31,17,560,324.4
Markieff Morris,PF,30,DET,44,988,389,75,189,200,79,173,69,26,11,486,271.65
Markieff Morris,PF,30,LAL,14,199,69,13,39,30,6,45,8,5,6,74,52.74999999999999
Monte Morris,PG,24,DEN,73,1636,566,65,172,394,89,137,255,55,17,660,416.59999999999997
Johnathan Motley,PF,24,LAC,13,41,15,1,1,14,7,10,8,3,0,28,14.250000000000002
Emmanuel Mudiay,PG,23,UTA,54,850,327,30,87,240,83,126,116,24,10,395,230.54999999999998
Mychal Mulder,SG,25,GSW,7,204,67,16,52,15,12,23,8,2,1,77,50.900000000000006
Dejounte Murray,PG,23,SAS,66,1687,637,41,111,526,114,383,271,111,17,720,460.3500000000001
Jamal Murray,PG,22,DEN,59,1904,894,112,324,570,185,236,284,67,17,1091,545.3
Džanan Musa,SF,20,BRK,40,487,172,19,78,94,60,86,43,15,1,192,130.14999999999998
Mike Muscala,C,28,OKC,47,572,189,54,143,46,22,108,40,9,12,226,155.45000000000002
Sviatoslav Mykhailiuk,SF,22,DET,56,1265,405,115,285,120,70,104,106,41,4,504,323.54999999999995
Abdel Nader,SF,26,OKC,55,867,263,48,128,135,66,100,38,23,20,345,218.55000000000004
Larry Nance Jr.,C,27,CLE,56,1472,431,56,159,272,74,409,123,56,22,564,385.40000000000003
Shabazz Napier,PG,28,TOT,56,1344,456,76,240,216,153,158,262,69,11,578,367.85
Shabazz Napier,PG,28,MIN,36,856,283,47,159,124,88,110,187,40,7,347,234.1
Shabazz Napier,PG,28,WAS,20,488,173,29,81,92,65,48,75,29,4,231,133.75000000000003
Raul Neto,PG,27,PHI,54,668,222,34,88,134,47,61,95,24,6,275,175.65
Malik Newman,SG,22,CLE,1,4,2,0,1,1,2,0,0,0,0,2,1.2000000000000002
Georges Niang,PF,26,UTA,66,923,322,90,225,97,24,127,44,18,5,392,244.5
Joakim Noah,C,34,LAC,5,50,8,0,0,8,8,16,7,1,1,14,12.95
Nerlens Noel,C,25,OKC,61,1127,269,1,3,266,106,300,57,59,91,449,292.8
Zach Norvell,SG,22,TOT,5,41,12,3,8,4,1,6,3,2,0,10,10.350000000000001
Zach Norvell,SG,22,LAL,2,5,1,0,0,1,0,1,0,0,0,0,1.2000000000000002
Zach Norvell,SG,22,GSW,3,36,11,3,8,3,1,5,3,2,0,10,9.150000000000002
Jaylen Nowell,SG,20,MIN,15,151,53,3,26,27,17,13,19,3,1,57,39.3
Frank Ntilikina,PG,21,NYK,57,1187,333,44,137,196,59,121,172,54,16,357,289.44999999999993
Kendrick Nunn,SG,24,MIA,67,1962,914,137,391,523,100,180,220,56,15,1024,537.8000000000001
Jusuf Nurkić,C,25,POR,8,253,109,2,10,99,35,82,32,11,16,141,75.25000000000001
David Nwaba,SF,27,BRK,20,268,71,12,28,43,27,45,8,11,12,104,68.69999999999999
Royce O'Neale,PF,26,UTA,71,2049,365,92,244,121,55,389,180,59,32,450,471.3999999999999
Kyle O'Quinn,C,29,PHI,29,313,85,7,27,58,20,116,51,7,24,102,88.60000000000001
Semi Ojeleye,PF,25,BOS,69,1011,196,48,127,69,32,145,37,21,5,236,228.95
Jahlil Okafor,C,24,NOP,30,467,162,1,3,159,62,127,37,7,22,243,129.6
Elie Okobo,PG,22,PHO,55,719,181,25,71,110,71,90,115,24,4,219,179.95000000000002
Josh Okogie,SG,21,MIN,62,1547,398,41,154,244,191,268,99,68,26,533,382.00000000000006
KZ Okpala,SF,20,MIA,5,26,5,0,1,4,2,5,1,2,1,7,6.6499999999999995
Victor Oladipo,SG,27,IND,19,528,246,33,104,142,59,75,56,17,4,275,148.5
Kelly Olynyk,C,28,MIA,67,1300,398,95,234,164,100,305,116,45,23,549,354.95000000000005
Miye Oni,SG,22,UTA,10,109,32,7,19,13,5,17,4,4,2,35,27.549999999999994
Cedi Osman,SF,24,CLE,65,1910,609,123,321,288,94,231,154,54,16,718,477.05
Kelly Oubre Jr.,SF,24,PHO,56,1933,826,108,307,519,246,361,85,71,40,1046,538.4
Tariq Owens,PF,24,PHO,3,15,5,0,2,3,2,3,0,1,0,4,3.95
Jeremy Pargo,PG,33,GSW,3,44,22,3,7,15,1,3,8,1,0,25,12.550000000000002
Jabari Parker,PF,24,TOT,38,917,429,32,119,310,81,214,68,45,16,531,265.3
Jabari Parker,PF,24,ATL,32,837,393,31,115,278,72,191,58,42,15,480,241.04999999999998
Jabari Parker,PF,24,SAC,6,80,36,1,4,32,9,23,10,3,1,51,24.250000000000004
Chandler Parsons,SF,31,ATL,5,54,18,4,14,4,0,7,3,4,1,14,13.75
Eric Paschall,PF,23,GSW,60,1654,640,37,129,511,212,275,127,32,13,837,438.25
Anžejs Pasečņiks,C,24,WAS,27,437,116,0,3,113,58,107,18,9,12,156,108.65
Patrick Patterson,PF,30,LAC,59,776,233,67,172,61,43,151,41,7,3,292,203.74999999999997
Justin Patton,C,22,OKC,5,24,10,1,4,6,0,5,2,0,0,9,6.75
Chris Paul,PG,34,OKC,70,2208,887,111,304,583,279,349,472,111,11,1232,643.8000000000001
Cameron Payne,PG,25,PHO,8,183,68,15,29,39,7,31,24,8,2,87,50.550000000000004
Elfrid Payton,PG,25,NYK,45,1246,440,14,69,371,86,212,323,70,17,449,331.90000000000003
Gary Payton II,PG,27,WAS,29,432,116,13,46,70,8,80,48,33,7,113,107.04999999999998
Norvel Pelle,C,26,PHI,24,232,48,0,1,47,14,72,8,3,31,57,58.65
Theo Pinson,SG,24,BRK,33,365,155,15,80,75,16,54,56,17,4,120,98.85000000000001
Mason Plumlee,C,29,DEN,61,1057,288,0,5,283,155,317,154,33,38,437,288.00000000000006
Jakob Poeltl,C,24,SAS,66,1171,266,0,0,266,86,375,116,37,95,372,302.65
Vincent Poirier,C,26,BOS,22,130,36,1,2,34,7,43,8,2,9,41,35.45
Shamorie Ponds,PG,21,TOR,4,11,5,1,2,3,2,1,2,0,1,9,4.1
Jordan Poole,SG,20,GSW,57,1274,502,74,265,237,119,118,134,35,10,503,331.34999999999997
Kevin Porter Jr.,SF,19,CLE,50,1162,421,53,158,263,101,162,109,46,14,498,304
Michael Porter Jr.,PF,21,DEN,55,903,383,62,147,236,72,259,46,27,25,512,266.9
Otto Porter,SF,26,CHI,14,331,140,24,62,78,27,48,25,15,6,167,91.69999999999999
Bobby Portis,C,24,NYK,66,1393,589,67,187,402,93,338,98,32,18,668,384.40000000000003
Kristaps Porziņģis,PF,24,DAL,57,1814,932,142,403,529,283,540,102,41,115,1164,571.95
Dwight Powell,C,28,DAL,40,1061,229,10,39,190,111,227,59,34,22,376,256.9
Norman Powell,SG,26,TOR,52,1479,598,109,273,325,153,190,91,60,21,830,410.95
Taurean Prince,SF,25,BRK,64,1857,739,146,431,308,89,381,116,57,25,773,500.9000000000001
Chasson Randle,PG,26,GSW,3,40,4,0,2,2,6,2,5,2,0,5,8.450000000000001
Julius Randle,PF,25,NYK,64,2080,1006,64,231,775,352,622,198,51,22,1248,621.5500000000001
Josh Reaves,SG,22,DAL,4,28,9,0,2,7,2,3,3,0,0,8,6.849999999999999
Cam Reddish,SF,20,ATL,58,1551,554,83,250,304,126,216,87,62,28,610,396.45
J.J. Redick,SG,35,NOP,60,1581,631,180,397,234,185,151,119,20,10,917,446.5
Naz Reid,C,20,MIN,30,495,243,32,97,146,53,124,35,19,22,269,148.5
Josh Richardson,SG,26,PHI,55,1693,646,85,249,397,141,174,162,52,36,755,440.4
Austin Rivers,SG,27,HOU,68,1594,501,96,270,231,111,175,113,49,10,596,397.3
Andre Roberson,SG,28,OKC,7,87,29,3,14,15,2,27,4,1,3,20,22.150000000000002
Duncan Robinson,SG,25,MIA,73,2166,687,270,606,81,72,232,102,35,19,983,568.1999999999999
Glenn Robinson III,SF,26,TOT,62,1786,592,77,197,395,86,270,96,54,16,727,444.95000000000005
Glenn Robinson III,SF,26,GSW,48,1516,507,68,170,337,74,226,85,45,14,619,377.85
Glenn Robinson III,SF,26,PHI,14,270,85,9,27,58,12,44,11,9,2,108,67.10000000000001
Jerome Robinson,SG,22,TOT,63,979,310,49,153,157,57,129,87,28,17,319,245.2
Jerome Robinson,SG,22,LAC,42,476,136,19,67,69,19,60,46,13,8,122,115.59999999999998
Jerome Robinson,SG,22,WAS,21,503,174,30,86,88,38,69,41,15,9,197,129.60000000000002
Justin Robinson,PG,22,WAS,9,49,12,3,5,7,0,5,7,0,1,13,12.45
Mitchell Robinson,C,21,NYK,61,1412,341,0,0,341,148,428,36,52,119,590,367.9
Isaiah Roby,SF,21,OKC,3,11,1,0,0,1,0,2,0,0,0,0,2.3499999999999996
Rajon Rondo,PG,33,LAL,48,984,328,41,125,203,41,142,240,40,2,342,260.2
Derrick Rose,PG,31,DET,50,1298,753,45,147,606,139,121,278,40,16,904,394.55
Terrence Ross,SG,28,ORL,69,1889,846,177,504,342,184,222,82,77,24,1016,530.2
Terry Rozier,PG,25,CHO,63,2164,941,172,423,518,190,276,259,61,10,1134,602.95
Ricky Rubio,PG,29,PHO,65,2016,692,78,216,476,226,304,570,94,11,847,559.2499999999999
D'Angelo Russell,PG,23,TOT,45,1452,846,158,431,415,199,177,285,48,13,1039,470.35
D'Angelo Russell,PG,23,GSW,33,1060,635,120,321,314,144,122,206,31,9,779,345.65
D'Angelo Russell,PG,23,MIN,12,392,211,38,110,101,55,55,79,17,4,260,124.7
Domantas Sabonis,PF,23,IND,62,2159,848,17,67,781,296,771,310,47,30,1147,625.9
Luka Šamanić,PF,20,SAS,3,48,16,3,8,8,4,10,6,0,2,16,12.749999999999998
JaKarr Sampson,SF,26,IND,34,471,115,2,13,102,27,88,21,16,12,156,112.99999999999999
Dario Šarić,PF,25,PHO,66,1632,538,84,235,303,128,406,123,37,16,704,436.75
Tomáš Satoranský,PG,28,CHI,65,1878,551,64,199,352,121,254,354,80,7,644,475.2999999999999
Admiral Schofield,SF,22,WAS,33,368,92,19,61,31,15,47,15,8,4,99,87.75000000000001
Dennis Schröder,PG,26,OKC,65,1999,965,125,325,640,236,236,262,45,14,1229,576.9999999999999
Mike Scott,PF,31,PHI,68,1207,350,80,217,133,37,248,56,21,5,408,303.25
Thabo Sefolosha,PF,35,HOU,41,436,91,15,54,37,8,93,25,24,12,92,105.30000000000001
Collin Sexton,SG,21,CLE,65,2143,1086,97,255,831,267,204,192,65,7,1349,603
Landry Shamet,SG,22,LAC,53,1452,391,111,296,95,76,100,99,20,10,492,347.09999999999997
Marial Shayok,SG,24,PHI,4,28,12,2,6,6,4,7,1,0,1,11,8.1
Iman Shumpert,SG,29,BRK,13,241,64,8,33,31,7,34,12,12,2,54,55.50000000000001
Pascal Siakam,PF,25,TOR,60,2110,1104,131,365,739,303,439,207,61,53,1371,640.3000000000001
Chris Silva,PF,23,MIA,44,346,78,0,3,75,55,126,23,9,21,133,96.5
Ben Simmons,PG,23,PHI,57,2017,647,2,7,640,298,444,455,119,33,937,557.7
Anfernee Simons,SG,20,POR,70,1449,536,75,226,310,92,152,97,26,10,579,364.45000000000005
Alen Smailagić,PF,19,GSW,14,139,40,3,13,27,19,27,13,3,4,59,37.449999999999996
Marcus Smart,SG,25,BOS,60,1919,682,137,395,287,152,225,291,101,29,776,514.2
Dennis Smith Jr.,PG,22,NYK,34,537,211,16,54,157,53,78,98,28,8,187,143.04999999999998
Ish Smith,PG,31,WAS,68,1787,689,62,169,520,86,219,334,59,30,740,469.8499999999999
J.R. Smith,SG,34,LAL,6,79,22,1,11,11,2,5,3,1,0,17,17.200000000000003
Zhaire Smith,SG,20,PHI,7,32,11,0,3,8,4,2,2,3,0,8,8.25
Tony Snell,SF,28,DET,59,1641,382,102,254,128,32,111,127,32,15,474,374.49999999999994
Omari Spellman,PF,22,GSW,49,886,295,43,110,185,92,219,47,33,24,370,238.70000000000002
Max Strus,SG,23,CHI,2,6,3,0,1,2,1,1,0,0,0,5,2.05
Edmond Sumner,PG,24,IND,31,447,142,14,53,89,29,46,55,15,9,152,112.00000000000001
Caleb Swanigan,PF,22,TOT,27,288,47,0,2,45,17,100,31,3,7,65,71.14999999999999
Caleb Swanigan,PF,22,SAC,7,23,4,0,0,4,2,7,2,1,2,5,6.5
Caleb Swanigan,PF,22,POR,20,265,43,0,2,41,15,93,29,2,5,60,64.65
Jayson Tatum,PF,21,BOS,66,2265,1226,189,469,757,313,460,200,93,57,1547,704.65
Jeff Teague,PG,31,TOT,59,1464,489,43,117,372,197,142,308,44,19,641,388.3
Jeff Teague,PG,31,MIN,34,945,324,33,87,237,144,88,208,25,13,448,256.1
Jeff Teague,PG,31,ATL,25,519,165,10,30,135,53,54,100,19,6,193,132.20000000000002
Garrett Temple,SG,33,BRK,62,1730,587,127,386,201,87,218,156,49,29,641,443.80000000000007
Daniel Theis,C,27,BOS,65,1566,426,32,96,330,114,426,111,37,84,601,405.55
Isaiah Thomas,PG,30,WAS,40,925,426,78,189,237,76,68,146,13,6,488,259.20000000000005
Khyri Thomas,SG,23,DET,8,61,17,5,14,3,4,1,3,3,0,17,15
Lance Thomas,SF,31,BRK,7,98,23,4,13,10,4,13,6,0,0,24,22.45
Matt Thomas,SG,25,TOR,41,440,150,47,99,51,12,61,22,10,1,202,119.5
Tristan Thompson,C,28,CLE,57,1721,562,9,23,539,161,577,120,33,50,684,451.3
Sindarius Thornwell,SG,25,NOP,2,35,11,2,4,7,4,4,4,1,1,16,9.299999999999999
Matisse Thybulle,SG,22,PHI,65,1287,265,56,157,108,41,107,79,94,47,305,294.75
Anthony Tolliver,PF,34,TOT,55,872,182,49,145,37,29,154,42,19,11,200,204.34999999999997
Anthony Tolliver,PF,34,POR,33,554,117,30,89,28,19,110,29,8,9,129,130.8
Anthony Tolliver,PF,34,SAC,9,82,17,2,15,2,2,11,3,4,1,9,18.349999999999998
Anthony Tolliver,PF,34,MEM,13,236,48,17,41,7,8,33,10,7,1,62,55.2
Juan Toscano-Anderson,SF,26,GSW,13,272,63,8,23,40,5,52,26,13,5,69,64.6
Karl-Anthony Towns,C,24,MIN,35,1187,622,114,277,345,226,378,153,33,42,926,404.15000000000003
Gary Trent Jr.,SG,21,POR,61,1332,441,112,268,173,45,100,61,48,16,541,334.45000000000005
Allonzo Trier,PG,24,NYK,24,291,106,19,53,53,43,29,28,3,4,155,81.15
P.J. Tucker,PF,34,HOU,72,2467,426,107,299,127,48,476,115,77,36,500,550.6
Rayjon Tucker,SG,22,UTA,20,161,43,3,17,26,23,20,5,1,1,62,40.5
Evan Turner,PG,31,ATL,19,251,67,0,5,62,14,38,38,9,8,62,60.3
Myles Turner,C,23,IND,62,1826,587,86,250,337,169,407,72,46,132,749,482.7
Jarrod Uthoff,SF,26,TOT,7,53,18,3,9,9,2,6,0,1,0,19,13.35
Jarrod Uthoff,SF,26,MEM,4,14,7,0,4,3,2,1,0,1,0,4,3.9500000000000006
Jarrod Uthoff,SF,26,WAS,3,39,11,3,5,6,0,5,0,0,0,15,9.4
Jonas Valančiūnas,C,27,MEM,70,1845,739,32,91,648,200,788,131,30,76,1044,548.8500000000001
Denzel Valentine,SF,26,CHI,36,488,237,46,137,100,8,74,43,26,6,246,141.8
Jarred Vanderbilt,SF-PF,20,TOT,11,46,8,0,1,7,2,9,2,3,1,12,11.799999999999999
Jarred Vanderbilt,SF,20,DEN,9,41,7,0,0,7,0,8,2,3,1,10,10.249999999999998
Jarred Vanderbilt,PF,20,MIN,2,5,1,0,1,0,2,1,0,0,0,2,1.5500000000000003
Fred VanVleet,PG,25,TOR,54,1928,773,146,374,399,198,203,357,100,17,952,542.0500000000001
Gabe Vincent,PG,23,MIA,9,83,37,6,27,10,0,5,6,5,0,22,21.400000000000002
Noah Vonleh,C-PF,24,TOT,36,377,92,3,15,77,32,124,28,11,6,132,99.29999999999998
Noah Vonleh,C,24,MIN,29,347,86,2,14,72,28,116,26,11,6,119,90.8
Noah Vonleh,PF,24,DEN,7,30,6,1,1,5,4,8,2,0,0,13,8.499999999999998
Nikola Vučević,C,29,ORL,62,1998,1033,98,289,744,167,673,222,54,47,1215,614.3499999999999
Dean Wade,PF,23,CLE,12,71,13,2,4,9,1,19,2,2,4,20,18.25
Moritz Wagner,C,22,WAS,45,835,266,25,80,186,95,219,56,28,19,393,228.05000000000004
Dion Waiters,SG,28,TOT,10,207,99,15,47,52,17,24,20,4,6,111,58.7
Dion Waiters,SG,28,MIA,3,42,26,8,17,9,1,11,3,0,2,28,14.150000000000002
Dion Waiters,SG,28,LAL,7,165,73,7,30,43,16,13,17,4,4,83,44.55
Kemba Walker,PG,29,BOS,56,1742,889,180,473,416,242,217,268,48,28,1145,538.5
Lonnie Walker,SG,21,SAS,61,988,357,41,101,256,61,139,68,32,14,389,251.60000000000002
Tyrone Wallace,SG,25,ATL,14,160,44,1,15,29,17,22,13,7,1,40,38.300000000000004
Derrick Walton,PG,24,TOT,26,248,39,10,24,15,9,16,27,7,0,53,56.000000000000014
Derrick Walton,PG,24,LAC,23,222,36,9,21,15,9,15,22,4,0,50,50.05
Derrick Walton,PG,24,DET,3,26,3,1,3,0,0,1,5,3,0,3,5.949999999999999
Brad Wanamaker,PG,30,BOS,71,1369,362,37,102,260,136,144,179,61,14,487,338.2
T.J. Warren,SF,26,IND,67,2202,997,91,226,771,204,280,99,78,34,1326,602.5000000000001
P.J. Washington,PF,21,CHO,58,1759,589,86,230,359,136,316,123,51,44,710,453.3
Yuta Watanabe,SG,25,MEM,18,105,34,3,8,26,8,20,5,5,1,36,27.95
Tremont Waters,PG,22,BOS,11,119,49,4,24,25,8,12,16,10,2,40,31.949999999999992
Paul Watson,SF-SG,25,TOT,10,87,26,4,12,14,9,17,8,4,1,31,23.400000000000002
Paul Watson,SG,25,ATL,2,17,7,0,3,4,0,2,3,1,0,0,3.9499999999999997
Paul Watson,SF,25,TOR,8,70,19,4,9,10,9,15,5,3,1,31,19.449999999999996
Quinndary Weatherspoon,SG,23,SAS,11,78,17,1,5,12,2,7,11,3,1,12,18.050000000000004
Russell Westbrook,PG,31,HOU,57,2049,1281,55,213,1068,380,451,401,93,20,1553,666.9000000000001
Coby White,SG,19,CHI,65,1674,792,133,376,416,129,230,175,49,6,859,470.9000000000001
Derrick White,SG,25,SAS,68,1677,552,79,216,336,211,223,241,44,59,765,451.8
Hassan Whiteside,C,30,POR,67,2008,702,4,7,695,239,905,78,26,196,1040,583.5500000000001
Andrew Wiggins,SF-SG,24,TOT,54,1858,978,111,334,644,268,274,198,45,53,1175,551.4000000000001
Andrew Wiggins,SF,24,MIN,42,1455,790,91,275,515,207,219,155,29,36,942,435.35
Andrew Wiggins,SG,24,GSW,12,403,188,20,59,129,61,55,43,16,17,233,116.04999999999998
Grant Williams,PF,21,BOS,69,1043,211,24,96,115,54,178,68,30,36,237,242.15
Johnathan Williams,C,24,WAS,15,180,34,0,2,32,13,64,8,1,8,45,44.3
Kenrich Williams,PF,25,NOP,39,832,147,25,97,50,26,186,57,27,21,136,189.34999999999997
Lou Williams,SG,33,LAC,65,1864,936,111,315,621,339,201,365,43,12,1185,560.5500000000001
Marvin Williams,PF,33,TOT,58,1129,267,56,156,111,57,183,60,36,30,343,272.85
Marvin Williams,PF,33,CHO,41,808,210,44,117,93,50,109,41,26,22,275,197.89999999999998
Marvin Williams,PF,33,MIL,17,321,57,12,39,18,7,74,19,10,8,68,74.94999999999999
Robert Williams,C,22,BOS,29,388,88,0,0,88,34,128,27,22,35,150,104.85000000000001
Nigel Williams-Goss,PG,25,UTA,10,50,16,2,7,9,2,6,6,3,1,14,13.45
Zion Williamson,PF,19,NOP,24,668,360,6,14,346,178,150,50,16,9,540,208.5
D.J. Wilson,PF,23,MIL,37,363,132,18,73,59,18,92,25,3,5,133,98.75
Justise Winslow,SF,23,MIA,11,352,129,6,27,102,27,73,44,7,5,124,89.5
Christian Wood,PF,24,DET,62,1325,508,54,140,368,242,390,60,34,54,810,392.75
Delon Wright,SG,27,DAL,73,1570,411,47,127,284,100,280,244,85,22,504,396.55
Justin Wright-Foreman,PG,22,UTA,4,45,20,2,10,10,4,5,7,2,0,19,12.549999999999997
Thaddeus Young,PF,31,CHI,64,1591,601,79,222,379,72,315,117,92,23,659,421.5
Trae Young,PG,21,ATL,60,2120,1249,205,568,681,559,255,560,65,8,1778,732.9000000000001
Cody Zeller,C,27,CHO,58,1341,479,18,75,404,179,411,88,40,25,642,368.90000000000003
Tyler Zeller,C,30,SAS,2,4,4,0,0,4,0,4,0,0,0,2,1.7
Ante Žižić,C,23,CLE,22,221,72,0,0,72,19,66,6,7,5,96,59.00000000000001
Ivica Zubac,C,22,LAC,72,1326,385,0,2,383,166,543,82,16,66,596,367.6500000000001
