Player,Pos,Age,Tm,G2018,MP,zAge,zGPlayed,zMP,zFGA,z3PA,zFTA,zTRB,zSTL,zBLK,zPTS,puntASTFV
Steven Adams,C,25,OKC,80,2669,-0.21,1.18,1.85,1.05,-0.92,1.51,2.77,2.54,1.83,1.21,359.28
Bam Adebayo,C,21,MIA,82,1913,-1.17,1.26,0.94,0.19,-0.84,0.97,1.95,1.11,1.45,0.43,250.3
LaMarcus Aldridge,C,33,SAS,81,2687,1.7,1.22,1.87,2.4,-0.67,2.48,2.69,0.24,2.9,2.47,490.6
Jarrett Allen,C,20,BRK,80,2096,-1.41,1.18,1.16,0.41,-0.65,1.39,2.33,0.24,3.35,0.73,294.32
Al-Farouq Aminu,PF,28,POR,81,2292,0.5,1.22,1.4,0.47,0.82,0.54,2.01,1.01,0.35,0.5,290.9
Giannis Antetokounmpo,PF,24,MIL,72,2358,-0.45,0.87,1.47,2.21,0.34,4.72,3.46,1.76,3,3.01,572.88
OG Anunoby,SF,21,TOR,67,1352,-1.17,0.68,0.27,-0.03,0.33,-0.37,-0.06,0.33,-0.03,-0.1,163.8
Ryan Arcidiacono,PG,24,CHI,81,1961,-0.45,1.22,1,0.01,0.43,-0.04,0.05,0.92,-0.66,0.06,183.38
Trevor Ariza,SF,33,TOT,69,2349,1.7,0.76,1.46,0.85,1.79,0.46,0.81,1.73,-0.07,0.71,305.9
D.J. Augustin,PG,31,ORL,81,2269,1.22,1.22,1.37,0.7,1.02,0.83,-0.03,0.52,-0.66,0.88,274.8
Deandre Ayton,C,20,PHO,71,2183,-1.41,0.84,1.27,1.21,-0.91,0.67,2.61,0.79,1.52,1.31,354.08
Marvin Bagley III,PF,19,SAC,62,1567,-1.65,0.49,0.53,0.77,-0.33,1.26,1.31,-0.08,1.24,0.83,285.05
Harrison Barnes,PF-SF,26,TOT,77,2533,0.02,1.07,1.68,1.63,1.83,1.39,0.76,0.45,-0.34,1.53,388.32
Nicolas Batum,SF,30,CHO,75,2354,0.98,0.99,1.47,0.39,0.94,-0.15,0.91,1.11,0.69,0.37,253.5
Aron Baynes,C,32,BOS,51,821,1.46,0.07,-0.36,-0.51,-0.55,-0.37,0.15,-0.73,0.38,-0.47,107.67
Kent Bazemore,SG,29,ATL,67,1643,0.74,0.68,0.62,0.73,0.95,0.55,0.26,1.67,0.66,0.54,263.75
Bradley Beal,SG,25,WAS,82,3028,-0.21,1.26,2.27,3.17,2.8,2.78,1.01,2.66,1.21,3.23,596.4
Malik Beasley,SG,22,DEN,81,1879,-0.93,1.22,0.9,0.86,1.61,-0.33,-0.05,0.61,-0.45,0.82,281.58
Marco Belinelli,SG,32,SAS,79,1815,1.46,1.14,0.83,0.73,1.54,0.14,-0.06,-0.01,-0.52,0.64,262.88
Jordan Bell,C,24,GSW,68,788,-0.45,0.72,-0.4,-0.59,-0.92,-0.54,-0.13,-0.48,0.97,-0.6,86.25
DeAndre' Bembry,SG,24,ATL,82,1931,-0.45,1.26,0.97,0.54,0.15,0.24,0.75,2.16,0.62,0.35,242.65
Dāvis Bertāns,PF,26,SAS,76,1632,0.02,1.03,0.61,0.1,1.19,-0.38,0.27,-0.01,0.35,0.18,214.72
Patrick Beverley,PG,30,LAC,78,2137,0.98,1.1,1.21,0.17,0.84,0.13,0.9,0.98,0.69,0.16,231.6
Bismack Biyombo,C,26,CHO,54,783,0.02,0.18,-0.4,-0.68,-0.93,-0.13,0.19,-0.76,0.62,-0.57,91.08
Nemanja Bjelica,PF,30,SAC,77,1788,0.98,1.07,0.79,0.47,0.68,-0.12,1.18,0.58,1.14,0.46,263.7
Antonio Blakeney,SG,22,CHI,57,829,-0.93,0.3,-0.35,-0.05,-0.36,-0.25,-0.52,-0.73,-0.48,-0.2,127.12
Eric Bledsoe,PG,29,MIL,78,2272,0.74,1.1,1.37,1.48,1.43,1.05,0.77,2.51,0.21,1.48,377.03
Bogdan Bogdanović,SG,26,SAC,70,1947,0.02,0.8,0.98,1.19,1.4,0.45,0.17,1.14,-0.28,0.97,309.3
Bojan Bogdanović,SF,29,IND,81,2573,0.74,1.22,1.73,1.69,1.49,1.61,0.62,1.04,-0.76,1.91,408
Devin Booker,SG,22,PHO,64,2242,-0.93,0.57,1.34,2.23,1.66,2.83,0.28,0.64,-0.34,2.41,455.18
Avery Bradley,SG,28,TOT,63,1905,0.5,0.53,0.93,0.51,0.6,-0.47,-0.17,0.17,-0.24,0.22,204.28
Mikal Bridges,SF,22,PHO,82,2417,-0.93,1.26,1.54,0.4,1.03,0.09,0.27,2.91,0.52,0.34,244.33
Miles Bridges,SF,20,CHO,80,1696,-1.41,1.18,0.68,0.26,0.32,-0.25,0.57,0.61,0.9,0.16,212.07
Malcolm Brogdon,SG,26,MIL,64,1832,0.02,0.57,0.85,0.89,0.6,0.37,0.39,0.33,-0.34,0.99,287
Bruce Brown,SG,22,DET,74,1449,-0.93,0.95,0.39,-0.27,-0.35,-0.38,-0.12,0.14,0.45,-0.4,122.42
Jaylen Brown,SG,22,BOS,74,1913,-0.93,0.95,0.94,1,0.8,0.77,0.52,1.04,0.31,0.91,299.68
Sterling Brown,SG,23,MIL,58,1034,-0.69,0.34,-0.1,-0.27,-0.01,-0.53,-0.13,-0.32,-0.52,-0.29,128.93
Troy Brown Jr.,SF,19,WAS,52,730,-1.65,0.11,-0.47,-0.48,-0.5,-0.49,-0.33,-0.45,-0.62,-0.55,89.95
Jalen Brunson,PG,22,DAL,73,1591,-0.93,0.91,0.56,0.4,0.2,0.11,-0.2,0.05,-0.66,0.33,200.43
Thomas Bryant,C,21,WAS,72,1496,-1.17,0.87,0.45,0.23,-0.31,0.24,1.23,-0.32,1.52,0.49,237
Reggie Bullock,SG,27,TOT,63,1879,0.26,0.53,0.9,0.48,1.53,-0.18,-0.18,0.14,-0.38,0.4,233.35
Trey Burke,PG,26,TOT,58,1125,0.02,0.34,0,0.36,0.07,0.14,-0.56,-0.08,-0.55,0.23,180.52
Alec Burks,SG,27,TOT,64,1375,0.26,0.57,0.3,0.16,0.12,0.28,0.13,0.11,-0.07,0.09,186.48
Jimmy Butler,SF-SG,29,TOT,65,2185,0.74,0.6,1.27,1.3,0.28,2.1,0.67,2.72,0.55,1.42,351.25
Kentavious Caldwell-Pope,SG,25,LAL,82,2035,-0.21,1.26,1.09,0.91,1.79,0.41,0.14,1.17,-0.34,0.86,298.9
Clint Capela,C,24,HOU,67,2249,-0.45,0.68,1.34,0.84,-0.93,1.25,3.21,0.27,2.73,1.22,354.78
DeMarre Carroll,PF,32,BRK,67,1703,1.46,0.68,0.69,0.43,1.01,1.1,0.7,-0.14,-0.45,0.46,252.88
Vince Carter,PF,42,ATL,76,1330,3.84,1.03,0.25,0.14,1.05,-0.33,-0.08,0.27,0.14,0.09,198.25
Willie Cauley-Stein,C,25,SAC,81,2213,-0.21,1.22,1.3,0.87,-0.92,1.2,2.36,1.88,0.97,0.92,316.9
Tyson Chandler,C,36,TOT,55,875,2.41,0.22,-0.29,-0.84,-0.92,-0.16,0.49,-0.45,0,-0.7,83.95
Wilson Chandler,PF-SF,31,TOT,51,1177,1.22,0.07,0.07,-0.37,0.06,-0.67,0.03,-0.32,-0.07,-0.43,122.35
Gary Clark,PF,24,HOU,51,641,-0.45,0.07,-0.57,-0.7,-0.07,-0.82,-0.47,-0.48,0.1,-0.75,73.5
Ian Clark,SG,27,NOP,60,973,0.26,0.41,-0.18,-0.08,0.33,-0.57,-0.61,-0.42,-0.52,-0.23,133.05
Jordan Clarkson,SG,26,CLE,81,2214,0.02,1.22,1.3,2.03,1.86,0.69,0.3,0.67,-0.34,1.73,398.05
John Collins,PF,21,ATL,61,1829,-1.17,0.45,0.84,1.11,0.06,1.29,1.94,-0.42,0.55,1.37,350.2
Zach Collins,C,21,POR,77,1356,-1.17,1.07,0.28,-0.04,-0.17,0.15,0.58,-0.32,1.48,-0.01,182.03
Darren Collison,PG,31,IND,76,2143,1.22,1.03,1.22,0.65,0.28,0.68,0.11,2.32,-0.48,0.69,256.02
Mike Conley,PG,31,MEM,70,2342,1.22,0.8,1.46,1.87,1.74,2.44,0.15,1.82,-0.03,1.96,418
Pat Connaughton,SG,26,MIL,61,1261,0.02,0.45,0.17,-0.17,0.32,-0.55,0.24,-0.08,0.07,-0.19,156.95
Quinn Cook,PG,25,GSW,74,1059,-0.21,0.95,-0.07,0.07,0.32,-0.66,-0.26,-0.48,-0.69,-0.01,162
Torrey Craig,SF,28,DEN,75,1503,0.5,0.99,0.45,-0.14,0.25,-0.3,0.27,0.05,0.79,-0.18,164.05
Jamal Crawford,SG,38,PHO,64,1211,2.89,0.57,0.11,0.06,0.33,0.02,-0.63,-0.08,-0.38,-0.02,157.38
Jae Crowder,SF,28,UTA,80,2166,0.5,1.18,1.25,1.02,2.34,0.73,0.88,0.89,0.28,0.89,335.08
Dante Cunningham,PF,31,SAS,64,928,1.22,0.57,-0.23,-0.68,-0.52,-0.73,-0.11,-0.26,-0.34,-0.66,82.88
Seth Curry,SG,28,POR,74,1399,0.5,0.95,0.33,0.14,0.64,-0.45,-0.45,0.02,-0.38,0.13,181.22
Stephen Curry,PG,30,GSW,69,2331,0.98,0.76,1.44,2.46,4.14,1.47,0.8,1.76,0.07,2.78,554.4
Troy Daniels,SG,27,PHO,51,760,0.26,0.07,-0.43,-0.37,0.28,-0.69,-0.69,-0.29,-0.62,-0.4,109.03
Anthony Davis,C,25,NOP,56,1850,-0.21,0.26,0.87,1.62,-0.02,2.66,2.33,1.63,3.86,1.91,438.7
Ed Davis,C,29,BRK,81,1446,0.74,1.22,0.39,-0.3,-0.92,0.45,2.44,-0.01,0.35,-0.09,198.78
Dewayne Dedmon,C,29,ATL,64,1609,0.74,0.57,0.58,0.3,0.43,0.05,1.36,1.04,1.66,0.36,253.83
DeMar DeRozan,SG,29,SAS,77,2688,0.74,1.07,1.87,2.39,-0.65,2.72,1.27,1.57,0.45,2.28,440.75
Cheick Diallo,PF,22,NOP,64,896,-0.93,0.57,-0.27,-0.38,-0.91,-0.33,0.62,-0.2,0.35,-0.26,133.3
Hamidou Diallo,SG,20,OKC,51,526,-1.41,0.07,-0.71,-0.66,-0.78,-0.39,-0.57,-0.45,-0.45,-0.67,65.33
Gorgui Dieng,C,29,MIN,76,1031,0.74,1.03,-0.11,-0.1,-0.58,-0.01,0.51,0.39,0.62,-0.06,165.9
Spencer Dinwiddie,PG,25,BRK,68,1914,-0.21,0.72,0.94,1.1,1.39,2.03,-0.22,0.14,-0.21,1.28,319.7
Luka Dončić,SG,19,DAL,72,2318,-1.65,0.87,1.43,2.05,2.29,3.08,1.78,1.29,0.07,2.06,481.68
Damyean Dotson,SG,24,NYK,73,2004,-0.45,0.91,1.05,0.75,1.21,-0.07,0.26,0.7,-0.45,0.54,260.2
Andre Drummond,C,25,DET,79,2647,-0.21,1.14,1.82,1.69,-0.69,2.48,5.14,3.13,3.97,1.74,494.7
Jared Dudley,PF,33,BRK,59,1220,1.7,0.37,0.12,-0.46,0.02,-0.5,-0.27,0.02,-0.24,-0.47,110.33
Kevin Durant,SF,30,GSW,78,2702,0.98,1.1,1.88,2.57,1.5,3.25,1.45,0.7,2.1,3.08,548.92
Wayne Ellington,SG,31,TOT,53,1297,1.22,0.14,0.21,0.11,1.4,-0.47,-0.52,0.58,-0.59,0.06,186.27
Joel Embiid,C,24,PHI,64,2154,-0.45,0.57,1.23,2.08,0.72,4.42,3.33,0.33,3.41,2.54,536.75
James Ennis,SF,28,TOT,58,1230,0.5,0.34,0.13,-0.32,0.05,-0.21,-0.14,0.17,0,-0.26,135.75
Tyreke Evans,SG,29,IND,69,1402,0.74,0.76,0.33,0.65,0.42,0.43,-0.04,0.7,-0.17,0.39,227.88
Derrick Favors,C,27,UTA,76,1766,0.26,1.03,0.77,0.54,-0.44,0.99,1.76,0.64,2.86,0.78,289.35
Cristiano Felício,C,26,CHI,60,746,0.02,0.41,-0.45,-0.62,-0.91,-0.28,0.04,-0.76,-0.55,-0.56,85.85
Terrance Ferguson,SG,20,OKC,74,1931,-1.41,0.95,0.97,0.04,0.89,-0.46,-0.35,0.14,-0.24,-0.01,174.95
Yogi Ferrell,PG,25,SAC,71,1067,-0.21,0.84,-0.07,-0.16,0,-0.33,-0.51,0.02,-0.66,-0.2,132.92
Dorian Finney-Smith,SF,25,DAL,81,1985,-0.21,1.22,1.03,0.3,0.66,-0.03,0.9,1.04,0.45,0.19,230.7
Bryn Forbes,SG,25,SAS,82,2293,-0.21,1.26,1.4,1,1.66,-0.24,0.15,0.3,-0.66,0.92,299
Evan Fournier,SG,26,ORL,81,2553,0.02,1.22,1.71,1.74,1.89,0.51,0.24,1.11,-0.38,1.45,370.22
De'Aaron Fox,PG,21,SAC,81,2546,-1.17,1.22,1.7,1.83,0.52,2.53,0.47,3.03,0.76,1.8,400.4
Tim Frazier,PG,28,TOT,59,1120,0.5,0.37,-0,-0.41,-0.3,-0.43,-0.21,-0.17,-0.62,-0.42,109.55
Danilo Gallinari,SF,30,LAC,68,2059,0.98,0.72,1.12,1.25,1.4,2.44,1.04,0.42,0,1.69,391.2
Langston Galloway,SG,27,DET,80,1745,0.26,1.18,0.74,0.46,1.45,-0.09,-0.19,0.05,-0.52,0.32,225.88
Marc Gasol,C,34,TOT,79,2436,1.93,1.14,1.57,1.21,0.78,1.19,2.1,1.51,2.17,1.13,371.92
Rudy Gay,PF,32,SAS,69,1842,1.46,0.76,0.86,0.88,0.22,0.33,1.31,0.58,0.38,0.88,298.18
Paul George,SF,28,OKC,77,2841,0.5,1.07,2.05,3.18,3.81,3.53,2.1,4.18,0.38,3.35,661.32
Taj Gibson,PF,33,MIN,70,1686,1.7,0.8,0.67,0.33,-0.72,0.57,1.25,0.55,0.55,0.48,234.6
Harry Giles,PF,20,SAC,58,820,-1.41,0.34,-0.36,-0.18,-0.89,-0.13,0.06,-0.14,-0.03,-0.22,129.52
Shai Gilgeous-Alexander,PG,20,LAC,82,2174,-1.41,1.26,1.25,0.8,-0.06,0.72,0.11,1.88,0.76,0.76,262.05
Rudy Gobert,C,26,UTA,81,2577,0.02,1.22,1.74,0.79,-0.93,3.38,4.18,0.95,5.66,1.57,425.62
Aaron Gordon,PF,23,ORL,78,2633,-0.69,1.1,1.8,1.68,1.24,1.19,1.83,0.67,1.14,1.49,405.88
Eric Gordon,SG,30,HOU,68,2158,0.98,0.72,1.24,1.39,2.83,0.37,-0.31,0.17,0.14,1.2,343.38
Jerami Grant,PF,24,OKC,80,2612,-0.45,1.18,1.78,1.09,0.9,0.93,1.04,0.79,2.66,1.17,344.2
Jerian Grant,PG,26,ORL,60,939,0.02,0.41,-0.22,-0.51,-0.24,-0.55,-0.56,0.27,-0.59,-0.54,91.5
Danny Green,SG,31,TOR,80,2216,1.22,1.18,1.3,0.57,1.79,-0.51,0.54,1.17,1.04,0.62,286.58
Draymond Green,PF,28,GSW,66,2065,0.5,0.64,1.12,0.02,0.1,-0.13,1.36,1.85,1.62,-0.06,211.45
Gerald Green,SG,33,HOU,73,1473,1.7,0.91,0.42,0.43,1.83,-0.32,-0.14,-0.08,0.14,0.32,233.88
JaMychal Green,PF,28,TOT,65,1371,0.5,0.6,0.3,0.16,0.17,-0.05,1,0.3,0.38,0.19,216.98
Jeff Green,PF,32,WAS,77,2097,1.46,1.07,1.16,0.72,1.07,0.81,0.5,0.24,0.55,0.88,289.78
Blake Griffin,PF,29,DET,75,2622,0.74,0.99,1.79,2.46,2.34,3.61,1.79,0.52,0.17,2.7,540.75
Tim Hardaway Jr.,SG,26,TOT,65,2057,0.02,0.6,1.12,1.54,2.06,1.38,0.06,0.58,-0.52,1.34,356.25
James Harden,PG,29,HOU,78,2867,0.74,1.1,2.08,3.97,5.51,6.12,1.55,3.81,1.21,4.69,808
Maurice Harkless,SF,25,POR,60,1415,-0.21,0.41,0.35,-0.07,-0.18,-0.28,0.3,0.98,1.04,-0.11,166.2
Montrezl Harrell,C,25,LAC,82,2158,-0.21,1.26,1.24,1.26,-0.82,2.5,1.64,1.11,3,1.72,376.92
Devin Harris,PG,35,DAL,68,1071,2.17,0.72,-0.06,-0.18,0.32,0.22,-0.49,-0.01,-0.24,-0.18,143.12
Gary Harris,SG,24,DEN,57,1639,-0.45,0.3,0.62,0.59,0.59,0.3,-0.25,0.61,-0.14,0.45,224.95
Joe Harris,SG,27,BRK,76,2293,0.26,1.03,1.4,0.89,1.49,0.21,0.41,0.08,-0.21,1.07,312.35
Tobias Harris,PF,26,TOT,82,2847,0.02,1.26,2.06,2.23,1.53,1.63,2.19,0.48,0.48,2.3,493
Shaquille Harrison,SG,25,CHI,73,1430,-0.21,0.91,0.37,0.03,-0.37,0.13,0.06,1.67,0.24,-0.09,165.78
Josh Hart,SG,23,LAL,67,1715,-0.69,0.68,0.71,0.13,0.79,-0.22,0.19,0.89,0.59,0.02,197.1
Gordon Hayward,PF,28,BOS,72,1863,0.5,0.87,0.88,0.59,0.52,0.65,0.57,0.83,0,0.63,259.2
Juan Hernangómez,PF,23,DEN,70,1358,-0.69,0.8,0.28,-0.27,0.2,-0.17,0.28,-0.26,0.03,-0.22,153.28
Willy Hernangómez,C,24,CHO,58,812,-0.45,0.34,-0.37,-0.32,-0.69,0.3,0.51,-0.6,-0.1,-0.19,141.85
Mario Hezonja,SF,23,NYK,58,1206,-0.69,0.34,0.1,0.13,0.02,0.06,0.15,0.67,-0.52,-0.01,174.98
Buddy Hield,SG,26,SAC,82,2615,0.02,1.26,1.78,2.51,3.15,0.7,1.02,0.7,0.35,2.4,510.12
George Hill,PG,32,TOT,60,1302,1.46,0.41,0.22,-0.1,0.03,-0.18,-0.31,0.52,-0.52,-0.12,147.07
Jrue Holiday,SG,28,NOP,67,2402,0.5,0.68,1.53,1.98,1.34,1.34,0.63,2.29,1.07,1.84,416.08
Justin Holiday,SG,29,TOT,82,2607,0.74,1.26,1.77,0.96,1.98,-0.01,0.57,2.66,0.45,0.69,311.4
Rondae Hollis-Jefferson,SF,24,BRK,59,1234,-0.45,0.37,0.13,0.19,-0.62,0.62,0.5,0.27,0.14,0.02,180.58
Richaun Holmes,C,25,PHO,70,1184,-0.21,0.8,0.07,-0.13,-0.93,0.55,0.61,0.2,1.93,0.11,178.5
Rodney Hood,SG,26,TOT,72,1893,0.02,0.87,0.92,0.68,0.55,0.39,-0.26,0.73,-0.38,0.59,237.58
Al Horford,C,32,BOS,68,1973,1.46,0.72,1.02,0.82,0.34,-0.1,1.25,0.73,2.17,0.83,297.5
Kevin Huerter,SG,20,ATL,75,2048,-1.41,0.99,1.1,0.64,1.28,-0.42,0.18,0.92,0.07,0.43,250.35
Serge Ibaka,C,29,TOR,74,2010,0.74,0.95,1.06,1.23,0.13,0.57,1.97,-0.2,2.76,1.21,351.53
Andre Iguodala,SF,35,GSW,68,1578,2.17,0.72,0.54,-0.3,-0.03,-0.33,0.21,0.79,0.97,-0.26,149.58
Ersan İlyasova,PF,31,MIL,67,1231,1.22,0.68,0.13,-0.09,0.07,-0.27,0.46,-0.11,-0.1,-0.13,166.95
Joe Ingles,PF,31,UTA,82,2568,1.22,1.26,1.72,1.03,2.1,0.13,0.61,1.95,-0.1,0.97,332.6
Brandon Ingram,SF,21,LAL,52,1760,-1.17,0.11,0.76,0.84,-0.34,1.48,0.29,-0.23,0.28,0.88,261.68
Kyrie Irving,PG,26,BOS,67,2214,0.02,0.68,1.3,2.19,1.79,1.12,0.63,2.1,0.38,2.2,454.18
Jonathan Isaac,PF,21,ORL,75,1996,-1.17,0.99,1.04,0.52,0.74,0.23,1.01,0.73,2.59,0.42,265.17
Wesley Iwundu,SF,24,ORL,68,1233,-0.45,0.72,0.13,-0.37,-0.44,-0.03,-0.13,-0.23,-0.03,-0.36,118.83
Frank Jackson,PG,20,NOP,61,1169,-1.41,0.45,0.06,0.09,0.13,-0.28,-0.38,-0.32,-0.72,-0.04,154.22
Jaren Jackson Jr.,PF,19,MEM,58,1515,-1.65,0.34,0.47,0.46,-0.04,0.73,0.31,0.52,2.04,0.57,240.62
Josh Jackson,SG,21,PHO,79,1988,-1.17,1.14,1.03,1.13,0.48,0.86,0.69,1.2,1.14,0.8,300.05
Justin Jackson,SF,23,TOT,81,1614,-0.69,1.22,0.59,0.19,0.6,-0.23,0.01,-0.11,-0.31,0.14,192.9
Reggie Jackson,PG,28,DET,82,2289,0.5,1.26,1.39,1.68,2.02,1.05,0.03,0.61,-0.48,1.52,372.22
LeBron James,SF,34,LAL,55,1937,1.93,0.22,0.97,1.81,1.12,2.53,1.28,1.14,0.35,2.02,432.3
Jonas Jerebko,PF,31,GSW,73,1218,1.22,0.91,0.11,-0.16,0.25,-0.22,0.39,-0.26,-0.17,-0.12,166.7
Amir Johnson,C,31,PHI,51,529,1.22,0.07,-0.71,-0.68,-0.68,-0.54,-0.31,-0.6,-0.34,-0.64,73.2
James Johnson,PF,31,MIA,55,1164,1.22,0.22,0.05,-0.09,0,-0.3,-0.17,-0.01,0.14,-0.18,146.2
Stanley Johnson,SF,22,TOT,66,1208,-0.93,0.64,0.1,0.07,0.42,-0.35,0.04,0.76,-0.31,-0.13,169.15
Tyler Johnson,PG,26,TOT,57,1529,0.02,0.3,0.49,0.3,0.7,0.16,-0.18,0.58,0.14,0.21,203.1
Nikola Jokić,C,23,DEN,80,2504,-0.69,1.18,1.65,2.1,0.76,2,3.3,2.26,1.1,2.22,503.83
Derrick Jones Jr.,SF,21,MIA,60,1153,-1.17,0.41,0.04,-0.24,-0.36,0.12,0.15,0.33,0.66,-0.19,147.08
Tyus Jones,PG,22,MIN,68,1560,-0.93,0.72,0.52,0.08,-0.14,-0.31,-0.38,1.42,-0.62,-0.1,153.6
DeAndre Jordan,C,30,TOT,69,2047,0.98,0.76,1.1,0.08,-0.93,1.28,3.48,0.2,1.72,0.49,284.85
Cory Joseph,PG,27,IND,82,2063,0.26,1.26,1.12,0.36,0.14,-0.52,0.35,1.82,-0.03,0.04,199.3
Enes Kanter,C,26,TOT,67,1640,0.02,0.68,0.62,0.71,-0.72,0.73,2.26,-0.11,0.1,0.81,290.98
Luke Kennard,SG,22,DET,63,1437,-0.93,0.53,0.38,0.28,0.75,-0.38,-0.13,-0.29,-0.45,0.2,197.2
Michael Kidd-Gilchrist,PF,25,CHO,64,1179,-0.21,0.57,0.07,-0.22,-0.64,0.13,0.18,-0.11,0.55,-0.18,142.68
Maxi Kleber,PF,27,DAL,71,1502,0.26,0.84,0.45,-0.07,0.44,-0.27,0.6,0.02,1.9,-0.06,189.6
Kevin Knox,PF,19,NYK,75,2158,-1.65,0.99,1.24,1.33,1.35,0.97,0.63,0.24,0.03,0.91,321.88
Kyle Korver,SG-PF,37,TOT,70,1334,2.65,0.8,0.25,0.18,1.25,-0.28,-0.24,-0.32,-0.38,0.17,200.43
Rodions Kurucs,SF,20,BRK,63,1294,-1.41,0.53,0.21,0.09,0.22,-0.12,0.18,0.17,0.07,0.04,181.02
Kyle Kuzma,PF,23,LAL,70,2314,-0.69,0.8,1.42,1.79,1.71,1.16,0.87,0.17,0.1,1.61,393.72
Jeremy Lamb,SG,26,CHO,79,2250,0.02,1.14,1.35,1.5,1.14,1.25,1.13,1.63,0.31,1.41,376.2
Zach LaVine,SG,23,CHI,63,2171,-0.69,0.53,1.25,1.91,1.08,2.18,0.42,0.76,0.1,1.99,410.05
Jake Layman,SF,24,POR,71,1327,-0.45,0.84,0.24,0.03,0.2,-0.29,0.04,-0.14,0.24,0.05,174.6
T.J. Leaf,PF,21,IND,58,522,-1.17,0.34,-0.71,-0.61,-0.74,-0.62,-0.43,-0.82,-0.14,-0.59,74.77
Alex Len,C,25,ATL,77,1544,-0.21,1.07,0.5,0.62,0.35,0.89,1.08,-0.26,1.59,0.69,277.68
Kawhi Leonard,SF,27,TOR,60,2040,0.26,0.41,1.1,1.9,0.96,2.6,1.15,2.19,0.03,2.2,445.98
Meyers Leonard,C,26,POR,61,878,0.02,0.45,-0.29,-0.46,-0.24,-0.46,0.12,-0.7,-0.48,-0.32,122.4
Damian Lillard,PG,28,POR,80,2838,0.5,1.18,2.05,2.97,3.1,3.31,0.81,1.63,0.38,3.16,582.8
Jeremy Lin,PG,30,TOT,74,1436,0.98,0.95,0.37,0.34,0.24,0.84,-0.15,0.36,-0.34,0.39,209.3
Shaun Livingston,PG,33,GSW,64,967,1.7,0.57,-0.18,-0.54,-0.92,-0.46,-0.47,-0.14,0.14,-0.53,82.62
Kevon Looney,C,22,GSW,80,1481,-0.93,1.18,0.43,-0.18,-0.87,-0.02,1.04,0.33,1.04,-0.03,173.82
Brook Lopez,C,30,MIL,81,2322,0.98,1.22,1.43,0.99,2.28,0.21,0.94,0.48,5.38,1,357.48
Robin Lopez,C,30,CHI,74,1606,0.98,0.95,0.58,0.32,-0.74,0.13,0.38,-0.76,1.9,0.38,203.28
Kyle Lowry,PG,32,TOR,65,2213,1.46,0.6,1.3,0.86,1.91,0.71,0.51,1.73,0.28,0.84,312.08
Trey Lyles,PF,23,DEN,64,1120,-0.69,0.57,-0,0.21,0.32,0.07,0.18,-0.17,0,0.06,187.1
Shelvin Mack,PG,28,TOT,57,1246,0.5,0.3,0.15,-0.03,-0.12,-0.19,-0.53,0.36,-0.66,-0.18,137.4
Thon Maker,C-PF,21,TOT,64,972,-1.17,0.57,-0.18,-0.39,0.03,-0.19,-0.04,-0.45,0.97,-0.39,128.02
Boban Marjanović,C,30,TOT,58,681,0.98,0.34,-0.53,-0.41,-0.87,0.19,0.28,-0.6,0.14,-0.19,129.4
Lauri Markkanen,PF,21,CHI,52,1682,-1.17,0.11,0.67,1.01,1.15,0.72,1.31,0.05,0.35,0.93,322.3
Wesley Matthews,SF-SG,32,TOT,69,2091,1.46,0.76,1.16,0.75,1.59,0.46,-0.2,0.58,-0.21,0.66,267.22
CJ McCollum,SG,27,POR,70,2375,0.26,0.8,1.49,2.2,1.86,0.69,0.36,0.61,0.17,1.94,422.53
T.J. McConnell,PG,26,PHI,76,1470,0.02,1.03,0.42,0.01,-0.67,-0.57,-0.18,1.35,-0.21,-0.07,148.48
Doug McDermott,SF,27,IND,77,1340,0.26,1.07,0.26,0.02,0.36,-0.23,-0.51,-0.54,-0.52,0.1,165.25
JaVale McGee,C,31,LAL,75,1671,1.22,0.99,0.66,0.6,-0.86,0.37,1.79,0.36,4.31,0.78,285.6
Rodney McGruder,SG,27,MIA,66,1550,0.26,0.64,0.51,0.12,0.48,-0.29,0.14,0.02,-0.38,-0.03,180.02
Alfonzo McKinnie,SF,26,GSW,72,1003,0.02,0.87,-0.14,-0.37,-0.19,-0.48,0.19,-0.54,-0.28,-0.37,126.53
Khris Middleton,SF,27,MIL,77,2393,0.26,1.07,1.52,1.95,2.04,1.23,1.26,1.39,-0.55,1.82,435.78
C.J. Miles,SF,31,TOT,53,856,1.22,0.14,-0.32,-0.27,0.34,-0.4,-0.58,-0.29,-0.28,-0.36,120.95
Darius Miller,SF,28,NOP,69,1757,0.5,0.76,0.76,0.19,1.35,-0.29,-0.41,0.14,0,0.1,195.8
Patty Mills,PG,30,SAS,82,1908,0.98,1.26,0.94,0.66,1.6,-0.03,-0.14,0.42,-0.45,0.6,259.28
Paul Millsap,PF,33,DEN,70,1895,1.7,0.8,0.92,0.67,0.07,1.16,1.49,1.48,1.07,0.75,294
Donovan Mitchell,SG,22,UTA,77,2598,-0.93,1.07,1.76,2.96,2.32,2.35,0.53,2.19,0.28,2.68,526.25
Malik Monk,SG,20,CHO,73,1258,-1.41,0.91,0.16,0.46,1.14,-0.04,-0.37,0.05,-0.14,0.28,213.3
E'Twaun Moore,SG,29,NOP,53,1463,0.74,0.14,0.41,0.31,0.17,-0.39,-0.42,0.14,-0.52,0.24,183.82
Marcus Morris,PF,29,BOS,75,2091,0.74,0.99,1.16,1.14,1.51,0.54,1.25,0.24,0.07,1.08,342.6
Markieff Morris,PF,29,TOT,58,1270,0.74,0.34,0.18,0.19,0.34,-0.12,0.28,0.02,-0.03,0.06,189.82
Monte Morris,PG,23,DEN,82,1970,-0.69,1.26,1.01,0.76,0.49,-0.21,-0.08,1.17,-0.66,0.68,249.43
Emmanuel Mudiay,PG,22,NYK,59,1607,-0.93,0.37,0.58,0.86,0.38,0.64,-0.07,0.24,-0.14,0.73,253.48
Jamal Murray,PG,21,DEN,75,2447,-1.17,0.99,1.58,2.01,1.66,0.94,0.54,0.98,0.14,1.73,406.38
Mike Muscala,PF,27,TOT,64,1306,0.26,0.57,0.22,-0.14,0.67,-0.18,0.17,-0.42,0.52,-0.14,169.6
Abdel Nader,SF,25,OKC,61,694,-0.21,0.45,-0.51,-0.53,-0.3,-0.58,-0.47,-0.48,-0.38,-0.56,88
Larry Nance Jr.,C,26,CLE,67,1795,0.02,0.68,0.8,0.17,-0.32,0.22,1.72,2.01,0.59,0.23,235.98
Shabazz Napier,PG,27,BRK,56,983,0.26,0.26,-0.17,0.06,0.5,0.25,-0.55,0.17,-0.24,0.03,166.95
Georges Niang,PF,25,UTA,59,516,-0.21,0.37,-0.72,-0.62,-0.27,-0.68,-0.62,-0.79,-0.59,-0.57,79.23
Nerlens Noel,C,24,OKC,77,1055,-0.45,1.07,-0.08,-0.37,-0.93,-0.23,0.58,0.95,2.52,-0.28,145.45
Dirk Nowitzki,PF,40,DAL,51,795,3.37,0.07,-0.39,-0.1,0.35,-0.47,-0.26,-0.82,-0.17,-0.29,137.05
Jusuf Nurkić,C,24,POR,72,1974,-0.45,0.87,1.02,1.09,-0.75,2.1,2.71,1.11,2.76,1.24,364.68
David Nwaba,SG,26,CLE,51,984,0.02,0.07,-0.16,-0.4,-0.46,-0.18,-0.23,0.02,-0.21,-0.37,111.65
Royce O'Neale,SF,25,UTA,82,1671,-0.21,1.26,0.66,-0.19,0.17,-0.53,0.38,0.58,0.03,-0.18,162.88
Semi Ojeleye,PF,24,BOS,56,594,-0.45,0.26,-0.63,-0.68,-0.37,-0.55,-0.62,-0.79,-0.66,-0.67,67.88
Jahlil Okafor,C,23,NOP,59,935,-0.69,0.37,-0.22,-0.14,-0.9,-0.15,0.34,-0.64,0.59,-0.07,147.7
Elie Okobo,PG,21,PHO,53,958,-1.17,0.14,-0.2,-0.33,-0.1,-0.49,-0.56,-0.11,-0.55,-0.43,105.22
Josh Okogie,SG,20,MIN,74,1757,-1.41,0.95,0.76,0.25,0.42,0.45,0.04,1.63,0.35,0.11,201.7
Kelly Olynyk,PF,27,MIA,79,1812,0.26,1.14,0.82,0.4,1.07,0.63,0.83,0.55,0.48,0.55,266.12
Cedi Osman,SF,23,CLE,76,2444,-0.69,1.03,1.58,1.14,1.41,0.6,0.74,0.76,-0.41,0.97,320.83
Kelly Oubre Jr.,SF,23,TOT,69,1935,-0.69,0.76,0.97,1.14,1.19,1.12,0.58,1.51,1.24,1.08,329.8
Zaza Pachulia,C,34,DET,68,878,1.93,0.72,-0.29,-0.59,-0.91,0.14,0.28,-0.14,-0.21,-0.51,103.4
Jabari Parker,PF,23,TOT,64,1724,-0.69,0.57,0.72,0.89,0.29,0.63,1.06,0.33,0.24,0.84,289.52
Tony Parker,PG,36,CHO,56,1003,2.41,0.26,-0.14,0.13,-0.61,0.14,-0.64,-0.45,-0.55,0.03,142.27
Patrick Patterson,PF,29,OKC,63,861,0.74,0.53,-0.31,-0.52,-0.07,-0.63,-0.31,-0.6,-0.34,-0.59,94.78
Chris Paul,PG,33,HOU,58,1857,1.7,0.34,0.88,0.81,1.29,0.78,0.28,2.44,-0.17,0.79,291.88
Mason Plumlee,C,28,DEN,82,1731,0.5,1.26,0.73,0.07,-0.87,0.74,1.58,0.95,1.83,0.25,224.12
Jakob Poeltl,C,23,SAS,77,1273,-0.69,1.07,0.18,-0.33,-0.93,-0.12,1.01,-0.2,1.55,-0.19,155.62
Quincy Pondexter,SF,30,SAS,53,292,0.98,0.14,-0.99,-0.94,-0.82,-0.53,-0.82,-0.76,-0.76,-0.85,33.48
Otto Porter,SF,25,TOT,56,1683,-0.21,0.26,0.67,0.61,0.67,-0.09,0.52,1.45,0.28,0.54,256.38
Dwight Powell,C,27,DAL,77,1662,0.26,1.07,0.64,0.19,-0.14,1.2,1.01,0.27,0.93,0.61,246.48
Norman Powell,SG,25,TOR,60,1126,-0.21,0.41,0.01,-0.04,0.13,-0.26,-0.36,0.11,-0.34,-0,157.88
Julius Randle,PF,24,NOP,73,2232,-0.45,0.91,1.32,1.79,0.29,3.1,2.13,0.52,0.76,2.14,448.72
J.J. Redick,SG,34,PHI,76,2379,1.93,1.03,1.5,1.63,2.86,1.21,-0.12,-0.11,-0.21,1.75,397.4
Josh Richardson,SG,25,MIA,73,2539,-0.21,0.91,1.69,1.62,1.95,1.01,0.27,1.35,0.38,1.41,372.75
Austin Rivers,SG,26,TOT,76,2028,0.02,1.03,1.08,0.42,1.12,-0.1,-0.24,0.36,0,0.21,211.43
Mitchell Robinson,C,20,NYK,66,1360,-1.41,0.64,0.28,-0.33,-0.93,0.23,1.07,0.52,4.76,-0.06,180.93
Derrick Rose,PG,30,MIN,51,1392,0.98,0.07,0.32,0.9,-0.02,0.43,-0.35,-0.14,-0.38,0.82,242.32
Terrence Ross,SG,27,ORL,81,2150,0.26,1.22,1.23,1.63,2.62,0.3,0.35,1.14,0.21,1.44,386.05
Terry Rozier,PG,24,BOS,79,1791,-0.45,1.14,0.8,0.67,1.18,-0.11,0.49,1.01,-0.07,0.39,255.33
Ricky Rubio,PG,28,UTA,68,1899,0.5,0.72,0.93,0.84,0.66,0.99,0.17,1.73,-0.45,0.71,269.42
D'Angelo Russell,PG,22,BRK,81,2448,-0.93,1.22,1.58,2.93,3.05,0.8,0.53,2.01,-0.1,2.44,513.28
Domantas Sabonis,C,22,IND,74,1838,-0.93,0.95,0.85,0.76,-0.82,1.5,2.42,0.39,0.24,1.07,318.88
Dario Šarić,PF,24,TOT,81,2023,-0.45,1.22,1.07,0.75,1.09,0.35,1.24,0.3,-0.48,0.7,293.28
Tomáš Satoranský,PG,27,WAS,80,2164,0.26,1.18,1.24,0.31,0.08,0.43,0.35,1.45,-0.34,0.39,222.52
Dennis Schröder,PG,25,OKC,79,2314,-0.21,1.14,1.42,1.83,1.35,0.98,0.37,0.92,-0.38,1.44,368.6
Mike Scott,PF,30,TOT,79,1395,0.98,1.14,0.33,0.02,0.65,-0.6,0.33,-0.29,-0.34,-0.12,177.85
Wayne Selden,SG,24,TOT,75,1439,-0.45,0.99,0.38,0.18,0.16,-0.12,-0.15,-0.08,-0.34,-0,170.95
Collin Sexton,PG,20,CLE,82,2605,-1.41,1.26,1.77,2.1,0.92,1.21,0.13,0.27,-0.59,1.74,383.7
Landry Shamet,SG,21,TOT,79,1802,-1.17,1.14,0.81,0.38,1.55,-0.11,-0.38,0.05,-0.45,0.42,229.72
Iman Shumpert,SG,28,TOT,62,1481,0.5,0.49,0.43,0.08,0.78,-0.51,-0.13,0.73,0.03,-0.1,175.22
Pascal Siakam,PF,24,TOR,80,2548,-0.45,1.18,1.7,1.41,0.41,1.59,1.71,1.17,1,1.71,395.03
Ben Simmons,PG,22,PHI,79,2700,-0.93,1.14,1.88,1.45,-0.89,2.61,2.45,2.38,1.31,1.67,399.65
Jonathon Simmons,SG-SF,29,TOT,56,1064,0.74,0.26,-0.07,-0.17,-0.28,-0.08,-0.42,-0.2,-0.28,-0.31,122.35
Marcus Smart,SG,24,BOS,80,2200,-0.45,1.18,1.29,0.41,1.24,0.18,0.12,3.34,0.17,0.39,249.98
Dennis Smith Jr.,PG,21,TOT,53,1508,-1.17,0.14,0.46,0.63,0.37,0.4,-0.27,0.98,-0.1,0.42,221.25
Ish Smith,PG,30,DET,56,1251,0.98,0.26,0.15,0.2,-0.09,-0.37,-0.33,-0.23,-0.41,-0.03,157.45
Tony Snell,SF,27,MIL,74,1304,0.26,0.95,0.22,-0.14,0.35,-0.53,-0.26,-0.29,-0.17,-0.15,149.8
Nik Stauskas,SG,25,TOT,68,1015,-0.21,0.72,-0.13,-0.2,0.25,-0.35,-0.42,-0.45,-0.55,-0.24,134.2
Lance Stephenson,SG,28,LAL,68,1123,0.5,0.72,0,0.05,0.3,-0.28,0.03,0.17,-0.55,-0.05,170.1
Jayson Tatum,SF,20,BOS,79,2455,-1.41,1.14,1.59,1.65,1.02,0.99,1.34,1.51,1.17,1.48,391.38
Garrett Temple,SG,32,TOT,75,2040,1.46,0.99,1.1,0.21,0.72,-0,0.03,1.26,0.24,0.14,204.83
Daniel Theis,C,26,BOS,66,908,0.02,0.64,-0.25,-0.39,-0.51,-0.25,0.08,-0.45,0.66,-0.29,126.38
Klay Thompson,SG,28,GSW,78,2652,0.5,1.1,1.82,2.62,2.82,0.41,0.45,1.51,0.83,2.37,492.75
Sindarius Thornwell,SG,24,LAC,64,313,-0.45,0.57,-0.96,-0.97,-0.84,-0.6,-0.83,-0.67,-0.55,-0.93,28.77
Anthony Tolliver,PF,33,MIN,65,1079,1.7,0.6,-0.05,-0.41,0.42,-0.38,-0.16,-0.57,-0.07,-0.39,127.65
Karl-Anthony Towns,C,23,MIN,77,2545,-0.69,1.07,1.7,2.39,1.29,2.79,3.74,0.98,3.52,2.78,582.3
Allonzo Trier,SG,23,NYK,64,1459,-0.69,0.57,0.4,0.28,-0.1,0.94,-0.06,-0.23,-0.31,0.36,200.9
P.J. Tucker,PF,33,HOU,82,2802,1.7,1.26,2,0.29,1.49,-0.39,1.35,3,0.55,0.17,265.05
Evan Turner,PG,30,POR,73,1605,0.98,0.91,0.58,0.08,-0.61,-0.01,0.6,-0.08,-0.17,-0.05,169.48
Myles Turner,C,22,IND,74,2119,-0.93,0.95,1.19,0.97,0.3,0.77,1.62,0.76,6.07,0.95,339.55
Ekpe Udoh,C,31,UTA,51,320,1.22,0.07,-0.96,-0.91,-0.93,-0.63,-0.6,-0.79,0.28,-0.81,43.77
Fred VanVleet,PG,24,TOR,64,1760,-0.45,0.57,0.76,0.49,0.92,0.06,-0.21,0.67,-0.1,0.38,224.88
Noah Vonleh,PF,23,NYK,68,1722,-0.69,0.72,0.72,0.07,-0.07,0.4,1.6,0.33,0.97,0.11,222.43
Nikola Vučević,C,28,ORL,80,2510,0.5,1.18,1.66,2.49,0.52,0.98,3.77,1.42,2.28,2.34,529.95
Dwyane Wade,SG,37,MIA,72,1885,2.65,0.87,0.91,1.45,0.7,1.03,0.38,0.73,0.52,1.16,326.5
Kemba Walker,PG,28,CHO,82,2863,0.5,1.26,2.08,3.37,3.65,2.79,0.76,2.07,0.38,3.23,609.25
Tyrone Wallace,PG,24,LAC,62,628,-0.45,0.49,-0.59,-0.52,-0.81,-0.41,-0.55,-0.45,-0.55,-0.61,74.5
Taurean Prince,SF,24,ATL,55,1552,-0.45,0.22,0.51,0.48,1.04,0.07,-0.05,0.55,-0.14,0.46,234.95
Russell Westbrook,PG,30,OKC,73,2630,0.98,0.91,1.8,2.81,1.64,2.8,3,3.31,0.35,2.36,553.15
Derrick White,PG,24,SAS,67,1728,-0.45,0.68,0.72,0.34,-0.04,0.13,0.19,0.98,0.83,0.3,210.13
Hassan Whiteside,C,29,MIA,72,1674,0.74,0.87,0.66,0.71,-0.83,1.11,3.05,0.33,3.9,0.76,322.75
Andrew Wiggins,SF,23,MIN,73,2543,-0.69,0.91,1.69,2.11,1.25,1.54,0.72,1.07,0.86,1.64,405.9
Lou Williams,SG,32,LAC,75,1993,1.46,0.99,1.04,1.92,0.89,3.08,0.06,0.67,-0.41,2,402.12
Marvin Williams,PF,32,CHO,75,2133,1.46,0.99,1.21,0.63,1.46,-0.17,0.99,1.11,1.31,0.49,283.15
Justise Winslow,SF,22,MIA,66,1959,-0.93,0.64,1,0.89,0.67,0.24,0.73,1.14,-0.14,0.64,277.4
Delon Wright,PG,26,TOT,75,1699,0.02,0.99,0.69,0.38,0.12,0.35,0.28,1.63,0.24,0.28,217.4
Thaddeus Young,PF,30,IND,81,2489,0.98,1.22,1.63,1.13,-0.02,0.23,1.58,2.72,0.45,1.04,327.5
Trae Young,PG,20,ATL,81,2503,-1.41,1.22,1.65,2.23,2.09,2.5,0.46,1.14,-0.28,2.11,450.15
Ante Žižić,C,22,CLE,59,1082,-0.93,0.37,-0.05,-0.22,-0.93,0.2,0.55,-0.7,-0.03,-0.12,145.88
Ivica Zubac,C,21,TOT,59,1040,-1.17,0.37,-0.1,-0.09,-0.93,0.15,0.77,-0.67,0.97,0.02,167.62
